date,year,month,month_num,sa_1st,sa_2nd,sa_3rd,sa_rev_2nd_minus_1st,sa_rev_3rd_minus_2nd,sa_rev_3rd_minus_1st,nsa_1st,nsa_2nd,nsa_3rd,nsa_rev_2nd_minus_1st,nsa_rev_3rd_minus_2nd,nsa_rev_3rd_minus_1st,source_url,scraped_at
1979-01-01,1979,Jan.,1,325.0,184.0,243.0,-141.0,59.0,-82.0,-1681.0,-1818.0,-1759.0,-137.0,59.0,-78.0,https://www.bls.gov/web/empsit/cesnaicsrev.htm,2026-07-02T12:47:13.495645+00:00
1979-02-01,1979,Feb.,2,301.0,308.0,294.0,7.0,-14.0,-7.0,205.0,208.0,192.0,3.0,-16.0,-13.0,https://www.bls.gov/web/empsit/cesnaicsrev.htm,2026-07-02T12:47:13.495645+00:00
1979-03-01,1979,Mar.,3,324.0,422.0,445.0,98.0,23.0,121.0,740.0,836.0,859.0,96.0,23.0,119.0,https://www.bls.gov/web/empsit/cesnaicsrev.htm,2026-07-02T12:47:13.495645+00:00
1979-04-01,1979,Apr.,4,72.0,4.0,-15.0,-68.0,-19.0,-87.0,679.0,611.0,596.0,-68.0,-15.0,-83.0,https://www.bls.gov/web/empsit/cesnaicsrev.htm,2026-07-02T12:47:13.495645+00:00
1979-05-01,1979,May,5,171.0,268.0,291.0,97.0,23.0,120.0,716.0,809.0,835.0,93.0,26.0,119.0,https://www.bls.gov/web/empsit/cesnaicsrev.htm,2026-07-02T12:47:13.495645+00:00
1979-06-01,1979,Jun.,6,97.0,170.0,225.0,73.0,55.0,128.0,697.0,772.0,826.0,75.0,54.0,129.0,https://www.bls.gov/web/empsit/cesnaicsrev.htm,2026-07-02T12:47:13.495645+00:00
1979-07-01,1979,Jul.,7,44.0,49.0,87.0,5.0,38.0,43.0,-904.0,-895.0,-923.0,9.0,-28.0,-19.0,https://www.bls.gov/web/empsit/cesnaicsrev.htm,2026-07-02T12:47:13.495645+00:00
1979-08-01,1979,Aug.,8,2.0,5.0,49.0,3.0,44.0,47.0,6.0,15.0,55.0,9.0,40.0,49.0,https://www.bls.gov/web/empsit/cesnaicsrev.htm,2026-07-02T12:47:13.495645+00:00
1979-09-01,1979,Sep.,9,135.0,83.0,41.0,-52.0,-42.0,-94.0,631.0,582.0,538.0,-49.0,-44.0,-93.0,https://www.bls.gov/web/empsit/cesnaicsrev.htm,2026-07-02T12:47:13.495645+00:00
1979-10-01,1979,Oct.,10,306.0,164.0,179.0,-142.0,15.0,-127.0,596.0,456.0,467.0,-140.0,11.0,-129.0,https://www.bls.gov/web/empsit/cesnaicsrev.htm,2026-07-02T12:47:13.495645+00:00
1979-11-01,1979,Nov.,11,218.0,127.0,118.0,-91.0,-9.0,-100.0,320.0,230.0,224.0,-90.0,-6.0,-96.0,https://www.bls.gov/web/empsit/cesnaicsrev.htm,2026-07-02T12:47:13.495645+00:00
1979-12-01,1979,Dec.,12,317.0,131.0,141.0,-186.0,10.0,-176.0,271.0,98.0,107.0,-173.0,9.0,-164.0,https://www.bls.gov/web/empsit/cesnaicsrev.htm,2026-07-02T12:47:13.495645+00:00
1980-01-01,1980,Jan.,1,305.0,349.0,411.0,44.0,62.0,106.0,-1824.0,-1784.0,-1724.0,40.0,60.0,100.0,https://www.bls.gov/web/empsit/cesnaicsrev.htm,2026-07-02T12:47:13.495645+00:00
1980-02-01,1980,Feb.,2,141.0,122.0,193.0,-19.0,71.0,52.0,76.0,61.0,132.0,-15.0,71.0,56.0,https://www.bls.gov/web/empsit/cesnaicsrev.htm,2026-07-02T12:47:13.495645+00:00
1980-03-01,1980,Mar.,3,-140.0,-46.0,-26.0,94.0,20.0,114.0,428.0,525.0,543.0,97.0,18.0,115.0,https://www.bls.gov/web/empsit/cesnaicsrev.htm,2026-07-02T12:47:13.495645+00:00
1980-04-01,1980,Apr.,4,-479.0,-311.0,-193.0,168.0,118.0,286.0,169.0,335.0,445.0,166.0,110.0,276.0,https://www.bls.gov/web/empsit/cesnaicsrev.htm,2026-07-02T12:47:13.495645+00:00
1980-05-01,1980,May,5,-180.0,-349.0,-483.0,-169.0,-134.0,-303.0,311.0,227.0,88.0,-84.0,-139.0,-223.0,https://www.bls.gov/web/empsit/cesnaicsrev.htm,2026-07-02T12:47:13.495645+00:00
1980-06-01,1980,Jun.,6,-514.0,-495.0,-421.0,19.0,74.0,93.0,102.0,126.0,200.0,24.0,74.0,98.0,https://www.bls.gov/web/empsit/cesnaicsrev.htm,2026-07-02T12:47:13.495645+00:00
1980-07-01,1980,Jul.,7,-238.0,-182.0,-180.0,56.0,2.0,58.0,-1293.0,-1234.0,-1229.0,59.0,5.0,64.0,https://www.bls.gov/web/empsit/cesnaicsrev.htm,2026-07-02T12:47:13.495645+00:00
1980-08-01,1980,Aug.,8,201.0,242.0,275.0,41.0,33.0,74.0,194.0,226.0,252.0,32.0,26.0,58.0,https://www.bls.gov/web/empsit/cesnaicsrev.htm,2026-07-02T12:47:13.495645+00:00
1980-09-01,1980,Sep.,9,187.0,223.0,242.0,36.0,19.0,55.0,618.0,646.0,657.0,28.0,11.0,39.0,https://www.bls.gov/web/empsit/cesnaicsrev.htm,2026-07-02T12:47:13.495645+00:00
1980-10-01,1980,Oct.,10,257.0,228.0,326.0,-29.0,98.0,69.0,524.0,503.0,603.0,-21.0,100.0,79.0,https://www.bls.gov/web/empsit/cesnaicsrev.htm,2026-07-02T12:47:13.495645+00:00
1980-11-01,1980,Nov.,11,268.0,207.0,251.0,-61.0,44.0,-17.0,379.0,320.0,361.0,-59.0,41.0,-18.0,https://www.bls.gov/web/empsit/cesnaicsrev.htm,2026-07-02T12:47:13.495645+00:00
1980-12-01,1980,Dec.,12,205.0,155.0,164.0,-50.0,9.0,-41.0,180.0,146.0,153.0,-34.0,7.0,-27.0,https://www.bls.gov/web/empsit/cesnaicsrev.htm,2026-07-02T12:47:13.495645+00:00
1981-01-01,1981,Jan.,1,374.0,374.0,356.0,0.0,-18.0,-18.0,-1750.0,-1748.0,-1764.0,2.0,-16.0,-14.0,https://www.bls.gov/web/empsit/cesnaicsrev.htm,2026-07-02T12:47:13.495645+00:00
1981-02-01,1981,Feb.,2,51.0,163.0,171.0,112.0,8.0,120.0,49.0,154.0,163.0,105.0,9.0,114.0,https://www.bls.gov/web/empsit/cesnaicsrev.htm,2026-07-02T12:47:13.495645+00:00
1981-03-01,1981,Mar.,3,1.0,62.0,53.0,61.0,-9.0,52.0,523.0,583.0,572.0,60.0,-11.0,49.0,https://www.bls.gov/web/empsit/cesnaicsrev.htm,2026-07-02T12:47:13.495645+00:00
1981-04-01,1981,Apr.,4,-220.0,-215.0,111.0,5.0,326.0,331.0,537.0,546.0,520.0,9.0,-26.0,-17.0,https://www.bls.gov/web/empsit/cesnaicsrev.htm,2026-07-02T12:47:13.495645+00:00
1981-05-01,1981,May,5,-16.0,72.0,106.0,88.0,34.0,122.0,497.0,479.0,511.0,-18.0,32.0,14.0,https://www.bls.gov/web/empsit/cesnaicsrev.htm,2026-07-02T12:47:13.495645+00:00
1981-06-01,1981,Jun.,6,-14.0,19.0,51.0,33.0,32.0,65.0,562.0,598.0,633.0,36.0,35.0,71.0,https://www.bls.gov/web/empsit/cesnaicsrev.htm,2026-07-02T12:47:13.495645+00:00
1981-07-01,1981,Jul.,7,383.0,351.0,265.0,-32.0,-86.0,-118.0,-766.0,-796.0,-881.0,-30.0,-85.0,-115.0,https://www.bls.gov/web/empsit/cesnaicsrev.htm,2026-07-02T12:47:13.495645+00:00
1981-08-01,1981,Aug.,8,61.0,49.0,21.0,-12.0,-28.0,-40.0,82.0,26.0,-2.0,-56.0,-28.0,-84.0,https://www.bls.gov/web/empsit/cesnaicsrev.htm,2026-07-02T12:47:13.495645+00:00
1981-09-01,1981,Sep.,9,-54.0,47.0,132.0,101.0,85.0,186.0,400.0,481.0,561.0,81.0,80.0,161.0,https://www.bls.gov/web/empsit/cesnaicsrev.htm,2026-07-02T12:47:13.495645+00:00
1981-10-01,1981,Oct.,10,-205.0,-235.0,-201.0,-30.0,34.0,4.0,253.0,230.0,265.0,-23.0,35.0,12.0,https://www.bls.gov/web/empsit/cesnaicsrev.htm,2026-07-02T12:47:13.495645+00:00
1981-11-01,1981,Nov.,11,-237.0,-333.0,-310.0,-96.0,23.0,-73.0,-58.0,-152.0,-131.0,-94.0,21.0,-73.0,https://www.bls.gov/web/empsit/cesnaicsrev.htm,2026-07-02T12:47:13.495645+00:00
1981-12-01,1981,Dec.,12,-293.0,-426.0,-409.0,-133.0,17.0,-116.0,-257.0,-378.0,-361.0,-121.0,17.0,-104.0,https://www.bls.gov/web/empsit/cesnaicsrev.htm,2026-07-02T12:47:13.495645+00:00
1982-01-01,1982,Jan.,1,-237.0,-274.0,-234.0,-37.0,40.0,3.0,-2134.0,-2172.0,-2133.0,-38.0,39.0,1.0,https://www.bls.gov/web/empsit/cesnaicsrev.htm,2026-07-02T12:47:13.495645+00:00
1982-02-01,1982,Feb.,2,97.0,161.0,140.0,64.0,-21.0,43.0,103.0,165.0,146.0,62.0,-19.0,43.0,https://www.bls.gov/web/empsit/cesnaicsrev.htm,2026-07-02T12:47:13.495645+00:00
1982-03-01,1982,Mar.,3,-218.0,-259.0,-155.0,-41.0,104.0,63.0,291.0,247.0,-266.0,-44.0,-513.0,-557.0,https://www.bls.gov/web/empsit/cesnaicsrev.htm,2026-07-02T12:47:13.495645+00:00
1982-04-01,1982,Apr.,4,-167.0,-311.0,-221.0,-144.0,90.0,-54.0,259.0,218.0,305.0,-41.0,87.0,46.0,https://www.bls.gov/web/empsit/cesnaicsrev.htm,2026-07-02T12:47:13.495645+00:00
1982-05-01,1982,May,5,-24.0,68.0,83.0,92.0,15.0,107.0,362.0,456.0,471.0,94.0,15.0,109.0,https://www.bls.gov/web/empsit/cesnaicsrev.htm,2026-07-02T12:47:13.495645+00:00
1982-06-01,1982,Jun.,6,-141.0,-306.0,-327.0,-165.0,-21.0,-186.0,301.0,141.0,115.0,-160.0,-26.0,-186.0,https://www.bls.gov/web/empsit/cesnaicsrev.htm,2026-07-02T12:47:13.495645+00:00
1982-07-01,1982,Jul.,7,-17.0,-177.0,-304.0,-160.0,-127.0,-287.0,-1057.0,-1208.0,-1332.0,-151.0,-124.0,-275.0,https://www.bls.gov/web/empsit/cesnaicsrev.htm,2026-07-02T12:47:13.495645+00:00
1982-08-01,1982,Aug.,8,-211.0,-267.0,-223.0,-56.0,44.0,-12.0,-167.0,-225.0,-181.0,-58.0,44.0,-14.0,https://www.bls.gov/web/empsit/cesnaicsrev.htm,2026-07-02T12:47:13.495645+00:00
1982-09-01,1982,Sep.,9,-230.0,-124.0,-45.0,106.0,79.0,185.0,286.0,389.0,466.0,103.0,77.0,180.0,https://www.bls.gov/web/empsit/cesnaicsrev.htm,2026-07-02T12:47:13.495645+00:00
1982-10-01,1982,Oct.,10,-263.0,-389.0,-407.0,-126.0,-18.0,-144.0,136.0,13.0,-7.0,-123.0,-20.0,-143.0,https://www.bls.gov/web/empsit/cesnaicsrev.htm,2026-07-02T12:47:13.495645+00:00
1982-11-01,1982,Nov.,11,-163.0,-176.0,-110.0,-13.0,66.0,53.0,-85.0,-98.0,-29.0,-13.0,69.0,56.0,https://www.bls.gov/web/empsit/cesnaicsrev.htm,2026-07-02T12:47:13.495645+00:00
1982-12-01,1982,Dec.,12,-166.0,-215.0,-185.0,-49.0,30.0,-19.0,-107.0,-160.0,-129.0,-53.0,31.0,-22.0,https://www.bls.gov/web/empsit/cesnaicsrev.htm,2026-07-02T12:47:13.495645+00:00
1983-01-01,1983,Jan.,1,339.0,330.0,355.0,-9.0,25.0,16.0,-1631.0,-1639.0,-1615.0,-8.0,24.0,16.0,https://www.bls.gov/web/empsit/cesnaicsrev.htm,2026-07-02T12:47:13.495645+00:00
1983-02-01,1983,Feb.,2,-180.0,-185.0,-161.0,-5.0,24.0,19.0,-19.0,-25.0,1.0,-6.0,26.0,20.0,https://www.bls.gov/web/empsit/cesnaicsrev.htm,2026-07-02T12:47:13.495645+00:00
1983-03-01,1983,Mar.,3,119.0,196.0,69.0,77.0,-127.0,-50.0,522.0,597.0,428.0,75.0,-169.0,-94.0,https://www.bls.gov/web/empsit/cesnaicsrev.htm,2026-07-02T12:47:13.495645+00:00
1983-04-01,1983,Apr.,4,258.0,273.0,287.0,15.0,14.0,29.0,776.0,833.0,844.0,57.0,11.0,68.0,https://www.bls.gov/web/empsit/cesnaicsrev.htm,2026-07-02T12:47:13.495645+00:00
1983-05-01,1983,May,5,374.0,315.0,320.0,-59.0,5.0,-54.0,868.0,811.0,814.0,-57.0,3.0,-54.0,https://www.bls.gov/web/empsit/cesnaicsrev.htm,2026-07-02T12:47:13.495645+00:00
1983-06-01,1983,Jun.,6,344.0,411.0,423.0,67.0,12.0,79.0,744.0,811.0,824.0,67.0,13.0,80.0,https://www.bls.gov/web/empsit/cesnaicsrev.htm,2026-07-02T12:47:13.495645+00:00
1983-07-01,1983,Jul.,7,487.0,358.0,308.0,-129.0,-50.0,-179.0,-534.0,-662.0,-708.0,-128.0,-46.0,-174.0,https://www.bls.gov/web/empsit/cesnaicsrev.htm,2026-07-02T12:47:13.495645+00:00
1983-08-01,1983,Aug.,8,-411.0,-417.0,-417.0,-6.0,0.0,-6.0,-343.0,-347.0,-347.0,-4.0,0.0,-4.0,https://www.bls.gov/web/empsit/cesnaicsrev.htm,2026-07-02T12:47:13.495645+00:00
1983-09-01,1983,Sep.,9,733.0,1018.0,1116.0,285.0,98.0,383.0,1234.0,1517.0,1614.0,283.0,97.0,380.0,https://www.bls.gov/web/empsit/cesnaicsrev.htm,2026-07-02T12:47:13.495645+00:00
1983-10-01,1983,Oct.,10,320.0,204.0,236.0,-116.0,32.0,-84.0,600.0,480.0,512.0,-120.0,32.0,-88.0,https://www.bls.gov/web/empsit/cesnaicsrev.htm,2026-07-02T12:47:13.495645+00:00
1983-11-01,1983,Nov.,11,370.0,326.0,268.0,-44.0,-58.0,-102.0,435.0,393.0,336.0,-42.0,-57.0,-99.0,https://www.bls.gov/web/empsit/cesnaicsrev.htm,2026-07-02T12:47:13.495645+00:00
1983-12-01,1983,Dec.,12,231.0,228.0,244.0,-3.0,16.0,13.0,171.0,171.0,186.0,0.0,15.0,15.0,https://www.bls.gov/web/empsit/cesnaicsrev.htm,2026-07-02T12:47:13.495645+00:00
1984-01-01,1984,Jan.,1,287.0,264.0,331.0,-23.0,67.0,44.0,-1656.0,-1675.0,-1612.0,-19.0,63.0,44.0,https://www.bls.gov/web/empsit/cesnaicsrev.htm,2026-07-02T12:47:13.495645+00:00
1984-02-01,1984,Feb.,2,386.0,417.0,427.0,31.0,10.0,41.0,461.0,498.0,505.0,37.0,7.0,44.0,https://www.bls.gov/web/empsit/cesnaicsrev.htm,2026-07-02T12:47:13.495645+00:00
1984-03-01,1984,Mar.,3,143.0,149.0,212.0,6.0,63.0,69.0,655.0,663.0,1094.0,8.0,431.0,439.0,https://www.bls.gov/web/empsit/cesnaicsrev.htm,2026-07-02T12:47:13.495645+00:00
1984-04-01,1984,Apr.,4,407.0,398.0,391.0,-9.0,-7.0,-16.0,1005.0,1000.0,995.0,-5.0,-5.0,-10.0,https://www.bls.gov/web/empsit/cesnaicsrev.htm,2026-07-02T12:47:13.495645+00:00
1984-05-01,1984,May,5,232.0,269.0,319.0,37.0,50.0,87.0,829.0,865.0,917.0,36.0,52.0,88.0,https://www.bls.gov/web/empsit/cesnaicsrev.htm,2026-07-02T12:47:13.495645+00:00
1984-06-01,1984,Jun.,6,301.0,308.0,367.0,7.0,59.0,66.0,792.0,802.0,857.0,10.0,55.0,65.0,https://www.bls.gov/web/empsit/cesnaicsrev.htm,2026-07-02T12:47:13.495645+00:00
1984-07-01,1984,Jul.,7,302.0,216.0,215.0,-86.0,-1.0,-87.0,-684.0,-767.0,-764.0,-83.0,3.0,-80.0,https://www.bls.gov/web/empsit/cesnaicsrev.htm,2026-07-02T12:47:13.495645+00:00
1984-08-01,1984,Aug.,8,159.0,182.0,173.0,23.0,-9.0,14.0,250.0,268.0,261.0,18.0,-7.0,11.0,https://www.bls.gov/web/empsit/cesnaicsrev.htm,2026-07-02T12:47:13.495645+00:00
1984-09-01,1984,Sep.,9,139.0,231.0,284.0,92.0,53.0,145.0,717.0,806.0,858.0,89.0,52.0,141.0,https://www.bls.gov/web/empsit/cesnaicsrev.htm,2026-07-02T12:47:13.495645+00:00
1984-10-01,1984,Oct.,10,441.0,343.0,347.0,-98.0,4.0,-94.0,634.0,536.0,541.0,-98.0,5.0,-93.0,https://www.bls.gov/web/empsit/cesnaicsrev.htm,2026-07-02T12:47:13.495645+00:00
1984-11-01,1984,Nov.,11,303.0,335.0,340.0,32.0,5.0,37.0,321.0,353.0,358.0,32.0,5.0,37.0,https://www.bls.gov/web/empsit/cesnaicsrev.htm,2026-07-02T12:47:13.495645+00:00
1984-12-01,1984,Dec.,12,309.0,167.0,187.0,-142.0,20.0,-122.0,179.0,34.0,51.0,-145.0,17.0,-128.0,https://www.bls.gov/web/empsit/cesnaicsrev.htm,2026-07-02T12:47:13.495645+00:00
1985-01-01,1985,Jan.,1,348.0,312.0,364.0,-36.0,52.0,16.0,-1697.0,-1733.0,-1680.0,-36.0,53.0,17.0,https://www.bls.gov/web/empsit/cesnaicsrev.htm,2026-07-02T12:47:13.495645+00:00
1985-02-01,1985,Feb.,2,119.0,112.0,116.0,-7.0,4.0,-3.0,224.0,218.0,223.0,-6.0,5.0,-1.0,https://www.bls.gov/web/empsit/cesnaicsrev.htm,2026-07-02T12:47:13.495645+00:00
1985-03-01,1985,Mar.,3,381.0,353.0,319.0,-28.0,-34.0,-62.0,814.0,787.0,1194.0,-27.0,407.0,380.0,https://www.bls.gov/web/empsit/cesnaicsrev.htm,2026-07-02T12:47:13.495645+00:00
1985-04-01,1985,Apr.,4,217.0,208.0,210.0,-9.0,2.0,-7.0,845.0,864.0,864.0,19.0,0.0,19.0,https://www.bls.gov/web/empsit/cesnaicsrev.htm,2026-07-02T12:47:13.495645+00:00
1985-05-01,1985,May,5,345.0,266.0,301.0,-79.0,35.0,-44.0,921.0,843.0,878.0,-78.0,35.0,-43.0,https://www.bls.gov/web/empsit/cesnaicsrev.htm,2026-07-02T12:47:13.495645+00:00
1985-06-01,1985,Jun.,6,80.0,28.0,52.0,-52.0,24.0,-28.0,624.0,566.0,590.0,-58.0,24.0,-34.0,https://www.bls.gov/web/empsit/cesnaicsrev.htm,2026-07-02T12:47:13.495645+00:00
1985-07-01,1985,Jul.,7,243.0,249.0,234.0,6.0,-15.0,-9.0,-717.0,-714.0,-727.0,3.0,-13.0,-10.0,https://www.bls.gov/web/empsit/cesnaicsrev.htm,2026-07-02T12:47:13.495645+00:00
1985-08-01,1985,Aug.,8,288.0,280.0,270.0,-8.0,-10.0,-18.0,286.0,274.0,265.0,-12.0,-9.0,-21.0,https://www.bls.gov/web/empsit/cesnaicsrev.htm,2026-07-02T12:47:13.495645+00:00
1985-09-01,1985,Sep.,9,128.0,138.0,240.0,10.0,102.0,112.0,751.0,760.0,861.0,9.0,101.0,110.0,https://www.bls.gov/web/empsit/cesnaicsrev.htm,2026-07-02T12:47:13.495645+00:00
1985-10-01,1985,Oct.,10,414.0,354.0,342.0,-60.0,-12.0,-72.0,604.0,543.0,533.0,-61.0,-10.0,-71.0,https://www.bls.gov/web/empsit/cesnaicsrev.htm,2026-07-02T12:47:13.495645+00:00
1985-11-01,1985,Nov.,11,182.0,180.0,242.0,-2.0,62.0,60.0,221.0,218.0,281.0,-3.0,63.0,60.0,https://www.bls.gov/web/empsit/cesnaicsrev.htm,2026-07-02T12:47:13.495645+00:00
1985-12-01,1985,Dec.,12,320.0,268.0,285.0,-52.0,17.0,-35.0,173.0,122.0,139.0,-51.0,17.0,-34.0,https://www.bls.gov/web/empsit/cesnaicsrev.htm,2026-07-02T12:47:13.495645+00:00
1986-01-01,1986,Jan.,1,566.0,421.0,410.0,-145.0,-11.0,-156.0,-1542.0,-1683.0,-1694.0,-141.0,-11.0,-152.0,https://www.bls.gov/web/empsit/cesnaicsrev.htm,2026-07-02T12:47:13.495645+00:00
1986-02-01,1986,Feb.,2,226.0,153.0,160.0,-73.0,7.0,-66.0,286.0,220.0,225.0,-66.0,5.0,-61.0,https://www.bls.gov/web/empsit/cesnaicsrev.htm,2026-07-02T12:47:13.495645+00:00
1986-03-01,1986,Mar.,3,192.0,178.0,55.0,-14.0,-123.0,-137.0,678.0,662.0,357.0,-16.0,-305.0,-321.0,https://www.bls.gov/web/empsit/cesnaicsrev.htm,2026-07-02T12:47:13.495645+00:00
1986-04-01,1986,Apr.,4,206.0,313.0,299.0,107.0,-14.0,93.0,895.0,952.0,936.0,57.0,-16.0,41.0,https://www.bls.gov/web/empsit/cesnaicsrev.htm,2026-07-02T12:47:13.495645+00:00
1986-05-01,1986,May,5,149.0,125.0,135.0,-24.0,10.0,-14.0,801.0,780.0,788.0,-21.0,8.0,-13.0,https://www.bls.gov/web/empsit/cesnaicsrev.htm,2026-07-02T12:47:13.495645+00:00
1986-06-01,1986,Jun.,6,-89.0,-54.0,-75.0,35.0,-21.0,14.0,395.0,434.0,411.0,39.0,-23.0,16.0,https://www.bls.gov/web/empsit/cesnaicsrev.htm,2026-07-02T12:47:13.495645+00:00
1986-07-01,1986,Jul.,7,389.0,279.0,262.0,-110.0,-17.0,-127.0,-631.0,-736.0,-754.0,-105.0,-18.0,-123.0,https://www.bls.gov/web/empsit/cesnaicsrev.htm,2026-07-02T12:47:13.495645+00:00
1986-08-01,1986,Aug.,8,202.0,156.0,178.0,-46.0,22.0,-24.0,216.0,170.0,191.0,-46.0,21.0,-25.0,https://www.bls.gov/web/empsit/cesnaicsrev.htm,2026-07-02T12:47:13.495645+00:00
1986-09-01,1986,Sep.,9,107.0,165.0,277.0,58.0,112.0,170.0,731.0,788.0,900.0,57.0,112.0,169.0,https://www.bls.gov/web/empsit/cesnaicsrev.htm,2026-07-02T12:47:13.495645+00:00
1986-10-01,1986,Oct.,10,298.0,260.0,266.0,-38.0,6.0,-32.0,537.0,498.0,506.0,-39.0,8.0,-31.0,https://www.bls.gov/web/empsit/cesnaicsrev.htm,2026-07-02T12:47:13.495645+00:00
1986-11-01,1986,Nov.,11,249.0,239.0,242.0,-10.0,3.0,-7.0,289.0,279.0,284.0,-10.0,5.0,-5.0,https://www.bls.gov/web/empsit/cesnaicsrev.htm,2026-07-02T12:47:13.495645+00:00
1986-12-01,1986,Dec.,12,269.0,225.0,254.0,-44.0,29.0,-15.0,117.0,69.0,96.0,-48.0,27.0,-21.0,https://www.bls.gov/web/empsit/cesnaicsrev.htm,2026-07-02T12:47:13.495645+00:00
1987-01-01,1987,Jan.,1,448.0,319.0,304.0,-129.0,-15.0,-144.0,-1652.0,-1775.0,-1790.0,-123.0,-15.0,-138.0,https://www.bls.gov/web/empsit/cesnaicsrev.htm,2026-07-02T12:47:13.495645+00:00
1987-02-01,1987,Feb.,2,337.0,236.0,228.0,-101.0,-8.0,-109.0,410.0,315.0,309.0,-95.0,-6.0,-101.0,https://www.bls.gov/web/empsit/cesnaicsrev.htm,2026-07-02T12:47:13.495645+00:00
1987-03-01,1987,Mar.,3,164.0,155.0,179.0,-9.0,24.0,15.0,648.0,637.0,-32.0,-11.0,-669.0,-680.0,https://www.bls.gov/web/empsit/cesnaicsrev.htm,2026-07-02T12:47:13.495645+00:00
1987-04-01,1987,Apr.,4,316.0,280.0,269.0,-36.0,-11.0,-47.0,960.0,928.0,919.0,-32.0,-9.0,-41.0,https://www.bls.gov/web/empsit/cesnaicsrev.htm,2026-07-02T12:47:13.495645+00:00
1987-05-01,1987,May,5,123.0,74.0,110.0,-49.0,36.0,-13.0,774.0,722.0,759.0,-52.0,37.0,-15.0,https://www.bls.gov/web/empsit/cesnaicsrev.htm,2026-07-02T12:47:13.495645+00:00
1987-06-01,1987,Jun.,6,116.0,103.0,110.0,-13.0,7.0,-6.0,567.0,556.0,564.0,-11.0,8.0,-3.0,https://www.bls.gov/web/empsit/cesnaicsrev.htm,2026-07-02T12:47:13.495645+00:00
1987-07-01,1987,Jul.,7,304.0,296.0,308.0,-8.0,12.0,4.0,-764.0,-770.0,-757.0,-6.0,13.0,7.0,https://www.bls.gov/web/empsit/cesnaicsrev.htm,2026-07-02T12:47:13.495645+00:00
1987-08-01,1987,Aug.,8,156.0,152.0,149.0,-4.0,-3.0,-7.0,214.0,207.0,205.0,-7.0,-2.0,-9.0,https://www.bls.gov/web/empsit/cesnaicsrev.htm,2026-07-02T12:47:13.495645+00:00
1987-09-01,1987,Sep.,9,132.0,121.0,159.0,-11.0,38.0,27.0,771.0,761.0,803.0,-10.0,42.0,32.0,https://www.bls.gov/web/empsit/cesnaicsrev.htm,2026-07-02T12:47:13.495645+00:00
1987-10-01,1987,Oct.,10,549.0,536.0,549.0,-13.0,13.0,0.0,836.0,818.0,832.0,-18.0,14.0,-4.0,https://www.bls.gov/web/empsit/cesnaicsrev.htm,2026-07-02T12:47:13.495645+00:00
1987-11-01,1987,Nov.,11,274.0,263.0,302.0,-11.0,39.0,28.0,322.0,306.0,347.0,-16.0,41.0,25.0,https://www.bls.gov/web/empsit/cesnaicsrev.htm,2026-07-02T12:47:13.495645+00:00
1987-12-01,1987,Dec.,12,326.0,311.0,327.0,-15.0,16.0,1.0,240.0,223.0,239.0,-17.0,16.0,-1.0,https://www.bls.gov/web/empsit/cesnaicsrev.htm,2026-07-02T12:47:13.495645+00:00
1988-01-01,1988,Jan.,1,107.0,174.0,215.0,67.0,41.0,108.0,-2092.0,-2025.0,-1985.0,67.0,40.0,107.0,https://www.bls.gov/web/empsit/cesnaicsrev.htm,2026-07-02T12:47:13.495645+00:00
1988-02-01,1988,Feb.,2,531.0,517.0,538.0,-14.0,21.0,7.0,576.0,563.0,581.0,-13.0,18.0,5.0,https://www.bls.gov/web/empsit/cesnaicsrev.htm,2026-07-02T12:47:13.495645+00:00
1988-03-01,1988,Mar.,3,262.0,296.0,291.0,34.0,-5.0,29.0,747.0,785.0,1192.0,38.0,407.0,445.0,https://www.bls.gov/web/empsit/cesnaicsrev.htm,2026-07-02T12:47:13.495645+00:00
1988-04-01,1988,Apr.,4,174.0,249.0,261.0,75.0,12.0,87.0,854.0,983.0,998.0,129.0,15.0,144.0,https://www.bls.gov/web/empsit/cesnaicsrev.htm,2026-07-02T12:47:13.495645+00:00
1988-05-01,1988,May,5,209.0,221.0,208.0,12.0,-13.0,-1.0,802.0,810.0,797.0,8.0,-13.0,-5.0,https://www.bls.gov/web/empsit/cesnaicsrev.htm,2026-07-02T12:47:13.495645+00:00
1988-06-01,1988,Jun.,6,346.0,532.0,568.0,186.0,36.0,222.0,740.0,926.0,964.0,186.0,38.0,224.0,https://www.bls.gov/web/empsit/cesnaicsrev.htm,2026-07-02T12:47:13.495645+00:00
1988-07-01,1988,Jul.,7,283.0,200.0,214.0,-83.0,14.0,-69.0,-784.0,-865.0,-851.0,-81.0,14.0,-67.0,https://www.bls.gov/web/empsit/cesnaicsrev.htm,2026-07-02T12:47:13.495645+00:00
1988-08-01,1988,Aug.,8,219.0,169.0,154.0,-50.0,-15.0,-65.0,232.0,184.0,172.0,-48.0,-12.0,-60.0,https://www.bls.gov/web/empsit/cesnaicsrev.htm,2026-07-02T12:47:13.495645+00:00
1988-09-01,1988,Sep.,9,255.0,304.0,312.0,49.0,8.0,57.0,844.0,888.0,897.0,44.0,9.0,53.0,https://www.bls.gov/web/empsit/cesnaicsrev.htm,2026-07-02T12:47:13.495645+00:00
1988-10-01,1988,Oct.,10,323.0,238.0,236.0,-85.0,-2.0,-87.0,800.0,716.0,712.0,-84.0,-4.0,-88.0,https://www.bls.gov/web/empsit/cesnaicsrev.htm,2026-07-02T12:47:13.495645+00:00
1988-11-01,1988,Nov.,11,463.0,404.0,446.0,-59.0,42.0,-17.0,478.0,421.0,463.0,-57.0,42.0,-15.0,https://www.bls.gov/web/empsit/cesnaicsrev.htm,2026-07-02T12:47:13.495645+00:00
1988-12-01,1988,Dec.,12,279.0,221.0,222.0,-58.0,1.0,-57.0,236.0,174.0,178.0,-62.0,4.0,-58.0,https://www.bls.gov/web/empsit/cesnaicsrev.htm,2026-07-02T12:47:13.495645+00:00
1989-01-01,1989,Jan.,1,408.0,415.0,424.0,7.0,9.0,16.0,-1973.0,-1968.0,-1960.0,5.0,8.0,13.0,https://www.bls.gov/web/empsit/cesnaicsrev.htm,2026-07-02T12:47:13.495645+00:00
1989-02-01,1989,Feb.,2,289.0,280.0,276.0,-9.0,-4.0,-13.0,416.0,411.0,406.0,-5.0,-5.0,-10.0,https://www.bls.gov/web/empsit/cesnaicsrev.htm,2026-07-02T12:47:13.495645+00:00
1989-03-01,1989,Mar.,3,180.0,171.0,177.0,-9.0,6.0,-3.0,679.0,669.0,80.0,-10.0,-589.0,-599.0,https://www.bls.gov/web/empsit/cesnaicsrev.htm,2026-07-02T12:47:13.495645+00:00
1989-04-01,1989,Apr.,4,117.0,206.0,213.0,89.0,7.0,96.0,890.0,919.0,927.0,29.0,8.0,37.0,https://www.bls.gov/web/empsit/cesnaicsrev.htm,2026-07-02T12:47:13.495645+00:00
1989-05-01,1989,May,5,101.0,207.0,209.0,106.0,2.0,108.0,693.0,798.0,801.0,105.0,3.0,108.0,https://www.bls.gov/web/empsit/cesnaicsrev.htm,2026-07-02T12:47:13.495645+00:00
1989-06-01,1989,Jun.,6,180.0,250.0,297.0,70.0,47.0,117.0,676.0,739.0,789.0,63.0,50.0,113.0,https://www.bls.gov/web/empsit/cesnaicsrev.htm,2026-07-02T12:47:13.495645+00:00
1989-07-01,1989,Jul.,7,169.0,184.0,160.0,15.0,-24.0,-9.0,-977.0,-972.0,-994.0,5.0,-22.0,-17.0,https://www.bls.gov/web/empsit/cesnaicsrev.htm,2026-07-02T12:47:13.495645+00:00
1989-08-01,1989,Aug.,8,110.0,88.0,120.0,-22.0,32.0,10.0,118.0,98.0,126.0,-20.0,28.0,8.0,https://www.bls.gov/web/empsit/cesnaicsrev.htm,2026-07-02T12:47:13.495645+00:00
1989-09-01,1989,Sep.,9,209.0,201.0,209.0,-8.0,8.0,0.0,815.0,811.0,820.0,-4.0,9.0,5.0,https://www.bls.gov/web/empsit/cesnaicsrev.htm,2026-07-02T12:47:13.495645+00:00
1989-10-01,1989,Oct.,10,233.0,93.0,75.0,-140.0,-18.0,-158.0,647.0,507.0,489.0,-140.0,-18.0,-158.0,https://www.bls.gov/web/empsit/cesnaicsrev.htm,2026-07-02T12:47:13.495645+00:00
1989-11-01,1989,Nov.,11,210.0,222.0,281.0,12.0,59.0,71.0,342.0,353.0,415.0,11.0,62.0,73.0,https://www.bls.gov/web/empsit/cesnaicsrev.htm,2026-07-02T12:47:13.495645+00:00
1989-12-01,1989,Dec.,12,142.0,96.0,118.0,-46.0,22.0,-24.0,51.0,1.0,26.0,-50.0,25.0,-25.0,https://www.bls.gov/web/empsit/cesnaicsrev.htm,2026-07-02T12:47:13.495645+00:00
1990-01-01,1990,Jan.,1,275.0,332.0,361.0,57.0,29.0,86.0,-2126.0,-2074.0,-2044.0,52.0,30.0,82.0,https://www.bls.gov/web/empsit/cesnaicsrev.htm,2026-07-02T12:47:13.495645+00:00
1990-02-01,1990,Feb.,2,372.0,356.0,373.0,-16.0,17.0,1.0,527.0,506.0,523.0,-21.0,17.0,-4.0,https://www.bls.gov/web/empsit/cesnaicsrev.htm,2026-07-02T12:47:13.495645+00:00
1990-03-01,1990,Mar.,3,26.0,103.0,123.0,77.0,20.0,97.0,601.0,664.0,686.0,63.0,22.0,85.0,https://www.bls.gov/web/empsit/cesnaicsrev.htm,2026-07-02T12:47:13.495645+00:00
1990-04-01,1990,Apr.,4,64.0,-23.0,-26.0,-87.0,-3.0,-90.0,773.0,682.0,684.0,-91.0,2.0,-89.0,https://www.bls.gov/web/empsit/cesnaicsrev.htm,2026-07-02T12:47:13.495645+00:00
1990-05-01,1990,May,5,164.0,356.0,369.0,192.0,13.0,205.0,768.0,955.0,967.0,187.0,12.0,199.0,https://www.bls.gov/web/empsit/cesnaicsrev.htm,2026-07-02T12:47:13.495645+00:00
1990-06-01,1990,Jun.,6,40.0,155.0,212.0,115.0,57.0,172.0,548.0,665.0,542.0,117.0,-123.0,-6.0,https://www.bls.gov/web/empsit/cesnaicsrev.htm,2026-07-02T12:47:13.495645+00:00
1990-07-01,1990,Jul.,7,-219.0,-89.0,-89.0,130.0,0.0,130.0,-1384.0,-1296.0,-1297.0,88.0,-1.0,87.0,https://www.bls.gov/web/empsit/cesnaicsrev.htm,2026-07-02T12:47:13.495645+00:00
1990-08-01,1990,Aug.,8,-75.0,-83.0,-127.0,-8.0,-44.0,-52.0,-132.0,-136.0,-173.0,-4.0,-37.0,-41.0,https://www.bls.gov/web/empsit/cesnaicsrev.htm,2026-07-02T12:47:13.495645+00:00
1990-09-01,1990,Sep.,9,-101.0,-52.0,-1.0,49.0,51.0,100.0,513.0,554.0,606.0,41.0,52.0,93.0,https://www.bls.gov/web/empsit/cesnaicsrev.htm,2026-07-02T12:47:13.495645+00:00
1990-10-01,1990,Oct.,10,-68.0,-178.0,-180.0,-110.0,-2.0,-112.0,377.0,261.0,258.0,-116.0,-3.0,-119.0,https://www.bls.gov/web/empsit/cesnaicsrev.htm,2026-07-02T12:47:13.495645+00:00
1990-11-01,1990,Nov.,11,-267.0,-259.0,-267.0,8.0,-8.0,0.0,-67.0,-59.0,-69.0,8.0,-10.0,-2.0,https://www.bls.gov/web/empsit/cesnaicsrev.htm,2026-07-02T12:47:13.495645+00:00
1990-12-01,1990,Dec.,12,-76.0,-148.0,-161.0,-72.0,-13.0,-85.0,-187.0,-258.0,-273.0,-71.0,-15.0,-86.0,https://www.bls.gov/web/empsit/cesnaicsrev.htm,2026-07-02T12:47:13.495645+00:00
1991-01-01,1991,Jan.,1,-232.0,-233.0,-191.0,-1.0,42.0,41.0,-2525.0,-2520.0,-2480.0,5.0,40.0,45.0,https://www.bls.gov/web/empsit/cesnaicsrev.htm,2026-07-02T12:47:13.495645+00:00
1991-02-01,1991,Feb.,2,-184.0,-291.0,-286.0,-107.0,5.0,-102.0,61.0,-43.0,-39.0,-104.0,4.0,-100.0,https://www.bls.gov/web/empsit/cesnaicsrev.htm,2026-07-02T12:47:13.495645+00:00
1991-03-01,1991,Mar.,3,-206.0,-241.0,-258.0,-35.0,-17.0,-52.0,307.0,271.0,-160.0,-36.0,-431.0,-467.0,https://www.bls.gov/web/empsit/cesnaicsrev.htm,2026-07-02T12:47:13.495645+00:00
1991-04-01,1991,Apr.,4,-124.0,-180.0,-166.0,-56.0,14.0,-42.0,509.0,429.0,443.0,-80.0,14.0,-66.0,https://www.bls.gov/web/empsit/cesnaicsrev.htm,2026-07-02T12:47:13.495645+00:00
1991-05-01,1991,May,5,59.0,119.0,151.0,60.0,32.0,92.0,619.0,681.0,714.0,62.0,33.0,95.0,https://www.bls.gov/web/empsit/cesnaicsrev.htm,2026-07-02T12:47:13.495645+00:00
1991-06-01,1991,Jun.,6,-50.0,-21.0,-2.0,29.0,19.0,48.0,484.0,515.0,532.0,31.0,17.0,48.0,https://www.bls.gov/web/empsit/cesnaicsrev.htm,2026-07-02T12:47:13.495645+00:00
1991-07-01,1991,Jul.,7,-51.0,-73.0,-26.0,-22.0,47.0,25.0,-1257.0,-1275.0,-1229.0,-18.0,46.0,28.0,https://www.bls.gov/web/empsit/cesnaicsrev.htm,2026-07-02T12:47:13.495645+00:00
1991-08-01,1991,Aug.,8,34.0,77.0,112.0,43.0,35.0,78.0,11.0,48.0,80.0,37.0,32.0,69.0,https://www.bls.gov/web/empsit/cesnaicsrev.htm,2026-07-02T12:47:13.495645+00:00
1991-09-01,1991,Sep.,9,24.0,48.0,95.0,24.0,47.0,71.0,662.0,685.0,734.0,23.0,49.0,72.0,https://www.bls.gov/web/empsit/cesnaicsrev.htm,2026-07-02T12:47:13.495645+00:00
1991-10-01,1991,Oct.,10,-1.0,4.0,7.0,5.0,3.0,8.0,368.0,374.0,375.0,6.0,1.0,7.0,https://www.bls.gov/web/empsit/cesnaicsrev.htm,2026-07-02T12:47:13.495645+00:00
1991-11-01,1991,Nov.,11,-241.0,-265.0,-230.0,-24.0,35.0,11.0,8.0,-12.0,26.0,-20.0,38.0,18.0,https://www.bls.gov/web/empsit/cesnaicsrev.htm,2026-07-02T12:47:13.495645+00:00
1991-12-01,1991,Dec.,12,31.0,3.0,39.0,-28.0,36.0,8.0,-126.0,-154.0,-121.0,-28.0,33.0,5.0,https://www.bls.gov/web/empsit/cesnaicsrev.htm,2026-07-02T12:47:13.495645+00:00
1992-01-01,1992,Jan.,1,-91.0,-149.0,-122.0,-58.0,27.0,-31.0,-2337.0,-2395.0,-2368.0,-58.0,27.0,-31.0,https://www.bls.gov/web/empsit/cesnaicsrev.htm,2026-07-02T12:47:13.495645+00:00
1992-02-01,1992,Feb.,2,164.0,107.0,106.0,-57.0,-1.0,-58.0,319.0,262.0,262.0,-57.0,0.0,-57.0,https://www.bls.gov/web/empsit/cesnaicsrev.htm,2026-07-02T12:47:13.495645+00:00
1992-03-01,1992,Mar.,3,19.0,39.0,58.0,20.0,19.0,39.0,459.0,480.0,-236.0,21.0,-716.0,-695.0,https://www.bls.gov/web/empsit/cesnaicsrev.htm,2026-07-02T12:47:13.495645+00:00
1992-04-01,1992,Apr.,4,126.0,182.0,177.0,56.0,-5.0,51.0,681.0,785.0,781.0,104.0,-4.0,100.0,https://www.bls.gov/web/empsit/cesnaicsrev.htm,2026-07-02T12:47:13.495645+00:00
1992-05-01,1992,May,5,68.0,93.0,119.0,25.0,26.0,51.0,686.0,712.0,736.0,26.0,24.0,50.0,https://www.bls.gov/web/empsit/cesnaicsrev.htm,2026-07-02T12:47:13.495645+00:00
1992-06-01,1992,Jun.,6,-117.0,-63.0,-73.0,54.0,-10.0,44.0,457.0,518.0,502.0,61.0,-16.0,45.0,https://www.bls.gov/web/empsit/cesnaicsrev.htm,2026-07-02T12:47:13.495645+00:00
1992-07-01,1992,Jul.,7,198.0,177.0,171.0,-21.0,-6.0,-27.0,-1061.0,-1077.0,-1080.0,-16.0,-3.0,-19.0,https://www.bls.gov/web/empsit/cesnaicsrev.htm,2026-07-02T12:47:13.495645+00:00
1992-08-01,1992,Aug.,8,-83.0,-128.0,-109.0,-45.0,19.0,-26.0,-26.0,-73.0,-54.0,-47.0,19.0,-28.0,https://www.bls.gov/web/empsit/cesnaicsrev.htm,2026-07-02T12:47:13.495645+00:00
1992-09-01,1992,Sep.,9,-57.0,-72.0,12.0,-15.0,84.0,69.0,643.0,626.0,708.0,-17.0,82.0,65.0,https://www.bls.gov/web/empsit/cesnaicsrev.htm,2026-07-02T12:47:13.495645+00:00
1992-10-01,1992,Oct.,10,27.0,34.0,74.0,7.0,40.0,47.0,398.0,411.0,448.0,13.0,37.0,50.0,https://www.bls.gov/web/empsit/cesnaicsrev.htm,2026-07-02T12:47:13.495645+00:00
1992-11-01,1992,Nov.,11,105.0,76.0,75.0,-29.0,-1.0,-30.0,219.0,195.0,192.0,-24.0,-3.0,-27.0,https://www.bls.gov/web/empsit/cesnaicsrev.htm,2026-07-02T12:47:13.495645+00:00
1992-12-01,1992,Dec.,12,64.0,90.0,106.0,26.0,16.0,42.0,-102.0,-72.0,-58.0,30.0,14.0,44.0,https://www.bls.gov/web/empsit/cesnaicsrev.htm,2026-07-02T12:47:13.495645+00:00
1993-01-01,1993,Jan.,1,106.0,44.0,113.0,-62.0,69.0,7.0,-2191.0,-2251.0,-2182.0,-60.0,69.0,9.0,https://www.bls.gov/web/empsit/cesnaicsrev.htm,2026-07-02T12:47:13.495645+00:00
1993-02-01,1993,Feb.,2,365.0,367.0,338.0,2.0,-29.0,-27.0,549.0,552.0,521.0,3.0,-31.0,-28.0,https://www.bls.gov/web/empsit/cesnaicsrev.htm,2026-07-02T12:47:13.495645+00:00
1993-03-01,1993,Mar.,3,-22.0,-9.0,26.0,13.0,35.0,48.0,416.0,431.0,799.0,15.0,368.0,383.0,https://www.bls.gov/web/empsit/cesnaicsrev.htm,2026-07-02T12:47:13.495645+00:00
1993-04-01,1993,Apr.,4,119.0,216.0,255.0,97.0,39.0,136.0,734.0,875.0,910.0,141.0,35.0,176.0,https://www.bls.gov/web/empsit/cesnaicsrev.htm,2026-07-02T12:47:13.495645+00:00
1993-05-01,1993,May,5,209.0,215.0,238.0,6.0,23.0,29.0,902.0,918.0,939.0,16.0,21.0,37.0,https://www.bls.gov/web/empsit/cesnaicsrev.htm,2026-07-02T12:47:13.495645+00:00
1993-06-01,1993,Jun.,6,13.0,44.0,43.0,31.0,-1.0,30.0,494.0,525.0,527.0,31.0,2.0,33.0,https://www.bls.gov/web/empsit/cesnaicsrev.htm,2026-07-02T12:47:13.495645+00:00
1993-07-01,1993,Jul.,7,162.0,211.0,237.0,49.0,26.0,75.0,-1022.0,-973.0,-950.0,49.0,23.0,72.0,https://www.bls.gov/web/empsit/cesnaicsrev.htm,2026-07-02T12:47:13.495645+00:00
1993-08-01,1993,Aug.,8,-39.0,-41.0,-33.0,-2.0,8.0,6.0,-7.0,-7.0,3.0,0.0,10.0,10.0,https://www.bls.gov/web/empsit/cesnaicsrev.htm,2026-07-02T12:47:13.495645+00:00
1993-09-01,1993,Sep.,9,156.0,162.0,197.0,6.0,35.0,41.0,835.0,842.0,874.0,7.0,32.0,39.0,https://www.bls.gov/web/empsit/cesnaicsrev.htm,2026-07-02T12:47:13.495645+00:00
1993-10-01,1993,Oct.,10,177.0,147.0,162.0,-30.0,15.0,-15.0,572.0,544.0,556.0,-28.0,12.0,-16.0,https://www.bls.gov/web/empsit/cesnaicsrev.htm,2026-07-02T12:47:13.495645+00:00
1993-11-01,1993,Nov.,11,208.0,202.0,216.0,-6.0,14.0,8.0,275.0,272.0,287.0,-3.0,15.0,12.0,https://www.bls.gov/web/empsit/cesnaicsrev.htm,2026-07-02T12:47:13.495645+00:00
1993-12-01,1993,Dec.,12,183.0,190.0,230.0,7.0,40.0,47.0,0.0,8.0,48.0,8.0,40.0,48.0,https://www.bls.gov/web/empsit/cesnaicsrev.htm,2026-07-02T12:47:13.495645+00:00
1994-01-01,1994,Jan.,1,62.0,-2.0,-31.0,-64.0,-29.0,-93.0,-2305.0,-2369.0,-2399.0,-64.0,-30.0,-94.0,https://www.bls.gov/web/empsit/cesnaicsrev.htm,2026-07-02T12:47:13.495645+00:00
1994-02-01,1994,Feb.,2,217.0,198.0,278.0,-19.0,80.0,61.0,485.0,466.0,541.0,-19.0,75.0,56.0,https://www.bls.gov/web/empsit/cesnaicsrev.htm,2026-07-02T12:47:13.495645+00:00
1994-03-01,1994,Mar.,3,456.0,464.0,379.0,8.0,-85.0,-77.0,859.0,870.0,1386.0,11.0,516.0,527.0,https://www.bls.gov/web/empsit/cesnaicsrev.htm,2026-07-02T12:47:13.495645+00:00
1994-04-01,1994,Apr.,4,267.0,358.0,401.0,91.0,43.0,134.0,985.0,1055.0,1098.0,70.0,43.0,113.0,https://www.bls.gov/web/empsit/cesnaicsrev.htm,2026-07-02T12:47:13.495645+00:00
1994-05-01,1994,May,5,191.0,252.0,252.0,61.0,0.0,61.0,954.0,1017.0,1019.0,63.0,2.0,65.0,https://www.bls.gov/web/empsit/cesnaicsrev.htm,2026-07-02T12:47:13.495645+00:00
1994-06-01,1994,Jun.,6,379.0,356.0,383.0,-23.0,27.0,4.0,843.0,829.0,855.0,-14.0,26.0,12.0,https://www.bls.gov/web/empsit/cesnaicsrev.htm,2026-07-02T12:47:13.495645+00:00
1994-07-01,1994,Jul.,7,259.0,251.0,290.0,-8.0,39.0,31.0,-941.0,-949.0,-909.0,-8.0,40.0,32.0,https://www.bls.gov/web/empsit/cesnaicsrev.htm,2026-07-02T12:47:13.495645+00:00
1994-08-01,1994,Aug.,8,179.0,246.0,290.0,67.0,44.0,111.0,140.0,199.0,239.0,59.0,40.0,99.0,https://www.bls.gov/web/empsit/cesnaicsrev.htm,2026-07-02T12:47:13.495645+00:00
1994-09-01,1994,Sep.,9,239.0,248.0,272.0,9.0,24.0,33.0,963.0,972.0,995.0,9.0,23.0,32.0,https://www.bls.gov/web/empsit/cesnaicsrev.htm,2026-07-02T12:47:13.495645+00:00
1994-10-01,1994,Oct.,10,194.0,164.0,162.0,-30.0,-2.0,-32.0,604.0,571.0,575.0,-33.0,4.0,-29.0,https://www.bls.gov/web/empsit/cesnaicsrev.htm,2026-07-02T12:47:13.495645+00:00
1994-11-01,1994,Nov.,11,350.0,488.0,534.0,138.0,46.0,184.0,418.0,557.0,601.0,139.0,44.0,183.0,https://www.bls.gov/web/empsit/cesnaicsrev.htm,2026-07-02T12:47:13.495645+00:00
1994-12-01,1994,Dec.,12,256.0,210.0,231.0,-46.0,21.0,-25.0,35.0,-3.0,16.0,-38.0,19.0,-19.0,https://www.bls.gov/web/empsit/cesnaicsrev.htm,2026-07-02T12:47:13.495645+00:00
1995-01-01,1995,Jan.,1,134.0,176.0,169.0,42.0,-7.0,35.0,-2411.0,-2365.0,-2376.0,46.0,-11.0,35.0,https://www.bls.gov/web/empsit/cesnaicsrev.htm,2026-07-02T12:47:13.495645+00:00
1995-02-01,1995,Feb.,2,318.0,345.0,355.0,27.0,10.0,37.0,590.0,620.0,626.0,30.0,6.0,36.0,https://www.bls.gov/web/empsit/cesnaicsrev.htm,2026-07-02T12:47:13.495645+00:00
1995-03-01,1995,Mar.,3,203.0,177.0,179.0,-26.0,2.0,-24.0,679.0,655.0,1174.0,-24.0,519.0,495.0,https://www.bls.gov/web/empsit/cesnaicsrev.htm,2026-07-02T12:47:13.495645+00:00
1995-04-01,1995,Apr.,4,-9.0,-7.0,8.0,2.0,15.0,17.0,833.0,813.0,826.0,-20.0,13.0,-7.0,https://www.bls.gov/web/empsit/cesnaicsrev.htm,2026-07-02T12:47:13.495645+00:00
1995-05-01,1995,May,5,-101.0,-46.0,-62.0,55.0,-16.0,39.0,673.0,739.0,725.0,66.0,-14.0,52.0,https://www.bls.gov/web/empsit/cesnaicsrev.htm,2026-07-02T12:47:13.495645+00:00
1995-06-01,1995,Jun.,6,215.0,250.0,299.0,35.0,49.0,84.0,668.0,710.0,757.0,42.0,47.0,89.0,https://www.bls.gov/web/empsit/cesnaicsrev.htm,2026-07-02T12:47:13.495645+00:00
1995-07-01,1995,Jul.,7,55.0,6.0,28.0,-49.0,22.0,-27.0,-1157.0,-1211.0,-1192.0,-54.0,19.0,-35.0,https://www.bls.gov/web/empsit/cesnaicsrev.htm,2026-07-02T12:47:13.495645+00:00
1995-08-01,1995,Aug.,8,249.0,262.0,263.0,13.0,1.0,14.0,154.0,166.0,165.0,12.0,-1.0,11.0,https://www.bls.gov/web/empsit/cesnaicsrev.htm,2026-07-02T12:47:13.495645+00:00
1995-09-01,1995,Sep.,9,121.0,50.0,94.0,-71.0,44.0,-27.0,868.0,801.0,842.0,-67.0,41.0,-26.0,https://www.bls.gov/web/empsit/cesnaicsrev.htm,2026-07-02T12:47:13.495645+00:00
1995-10-01,1995,Oct.,10,116.0,66.0,68.0,-50.0,2.0,-48.0,582.0,531.0,533.0,-51.0,2.0,-49.0,https://www.bls.gov/web/empsit/cesnaicsrev.htm,2026-07-02T12:47:13.495645+00:00
1995-11-01,1995,Nov.,11,166.0,164.0,212.0,-2.0,48.0,46.0,149.0,147.0,195.0,-2.0,48.0,46.0,https://www.bls.gov/web/empsit/cesnaicsrev.htm,2026-07-02T12:47:13.495645+00:00
1995-12-01,1995,Dec.,12,151.0,161.0,145.0,10.0,-16.0,-6.0,7.0,18.0,-1.0,11.0,-19.0,-8.0,https://www.bls.gov/web/empsit/cesnaicsrev.htm,2026-07-02T12:47:13.495645+00:00
1996-01-01,1996,Jan.,1,-201.0,-188.0,-146.0,13.0,42.0,55.0,-2798.0,-2781.0,-2740.0,17.0,41.0,58.0,https://www.bls.gov/web/empsit/cesnaicsrev.htm,2026-07-02T12:47:13.495645+00:00
1996-02-01,1996,Feb.,2,705.0,624.0,631.0,-81.0,7.0,-74.0,1035.0,959.0,963.0,-76.0,4.0,-72.0,https://www.bls.gov/web/empsit/cesnaicsrev.htm,2026-07-02T12:47:13.495645+00:00
1996-03-01,1996,Mar.,3,140.0,178.0,158.0,38.0,-20.0,18.0,676.0,719.0,1515.0,43.0,796.0,839.0,https://www.bls.gov/web/empsit/cesnaicsrev.htm,2026-07-02T12:47:13.495645+00:00
1996-04-01,1996,Apr.,4,2.0,163.0,191.0,161.0,28.0,189.0,795.0,846.0,870.0,51.0,24.0,75.0,https://www.bls.gov/web/empsit/cesnaicsrev.htm,2026-07-02T12:47:13.495645+00:00
1996-05-01,1996,May,5,348.0,365.0,407.0,17.0,42.0,59.0,1063.0,1077.0,1122.0,14.0,45.0,59.0,https://www.bls.gov/web/empsit/cesnaicsrev.htm,2026-07-02T12:47:13.495645+00:00
1996-06-01,1996,Jun.,6,239.0,220.0,219.0,-19.0,-1.0,-20.0,713.0,695.0,691.0,-18.0,-4.0,-22.0,https://www.bls.gov/web/empsit/cesnaicsrev.htm,2026-07-02T12:47:13.495645+00:00
1996-07-01,1996,Jul.,7,193.0,228.0,235.0,35.0,7.0,42.0,-1066.0,-1039.0,-1024.0,27.0,15.0,42.0,https://www.bls.gov/web/empsit/cesnaicsrev.htm,2026-07-02T12:47:13.495645+00:00
1996-08-01,1996,Aug.,8,250.0,241.0,263.0,-9.0,22.0,13.0,211.0,210.0,227.0,-1.0,17.0,16.0,https://www.bls.gov/web/empsit/cesnaicsrev.htm,2026-07-02T12:47:13.495645+00:00
1996-09-01,1996,Sep.,9,-40.0,-35.0,-2.0,5.0,33.0,38.0,718.0,727.0,750.0,9.0,23.0,32.0,https://www.bls.gov/web/empsit/cesnaicsrev.htm,2026-07-02T12:47:13.495645+00:00
1996-10-01,1996,Oct.,10,210.0,224.0,261.0,14.0,37.0,51.0,660.0,672.0,711.0,12.0,39.0,51.0,https://www.bls.gov/web/empsit/cesnaicsrev.htm,2026-07-02T12:47:13.495645+00:00
1996-11-01,1996,Nov.,11,118.0,127.0,181.0,9.0,54.0,63.0,280.0,284.0,336.0,4.0,52.0,56.0,https://www.bls.gov/web/empsit/cesnaicsrev.htm,2026-07-02T12:47:13.495645+00:00
1996-12-01,1996,Dec.,12,262.0,261.0,231.0,-1.0,-30.0,-31.0,-25.0,-26.0,-61.0,-1.0,-35.0,-36.0,https://www.bls.gov/web/empsit/cesnaicsrev.htm,2026-07-02T12:47:13.495645+00:00
1997-01-01,1997,Jan.,1,271.0,247.0,259.0,-24.0,12.0,-12.0,-2570.0,-2584.0,-2567.0,-14.0,17.0,3.0,https://www.bls.gov/web/empsit/cesnaicsrev.htm,2026-07-02T12:47:13.495645+00:00
1997-02-01,1997,Feb.,2,339.0,293.0,314.0,-46.0,21.0,-25.0,800.0,750.0,767.0,-50.0,17.0,-33.0,https://www.bls.gov/web/empsit/cesnaicsrev.htm,2026-07-02T12:47:13.495645+00:00
1997-03-01,1997,Mar.,3,175.0,139.0,182.0,-36.0,43.0,7.0,847.0,817.0,755.0,-30.0,-62.0,-92.0,https://www.bls.gov/web/empsit/cesnaicsrev.htm,2026-07-02T12:47:13.495645+00:00
1997-04-01,1997,Apr.,4,142.0,323.0,327.0,181.0,4.0,185.0,835.0,967.0,964.0,132.0,-3.0,129.0,https://www.bls.gov/web/empsit/cesnaicsrev.htm,2026-07-02T12:47:13.495645+00:00
1997-05-01,1997,May,5,138.0,166.0,163.0,28.0,-3.0,25.0,1014.0,1046.0,1041.0,32.0,-5.0,27.0,https://www.bls.gov/web/empsit/cesnaicsrev.htm,2026-07-02T12:47:13.495645+00:00
1997-06-01,1997,Jun.,6,217.0,228.0,222.0,11.0,-6.0,5.0,627.0,638.0,634.0,11.0,-4.0,7.0,https://www.bls.gov/web/empsit/cesnaicsrev.htm,2026-07-02T12:47:13.495645+00:00
1997-07-01,1997,Jul.,7,316.0,365.0,384.0,49.0,19.0,68.0,-938.0,-898.0,-879.0,40.0,19.0,59.0,https://www.bls.gov/web/empsit/cesnaicsrev.htm,2026-07-02T12:47:13.495645+00:00
1997-08-01,1997,Aug.,8,49.0,40.0,52.0,-9.0,12.0,3.0,18.0,4.0,16.0,-14.0,12.0,-2.0,https://www.bls.gov/web/empsit/cesnaicsrev.htm,2026-07-02T12:47:13.495645+00:00
1997-09-01,1997,Sep.,9,215.0,269.0,300.0,54.0,31.0,85.0,903.0,956.0,981.0,53.0,25.0,78.0,https://www.bls.gov/web/empsit/cesnaicsrev.htm,2026-07-02T12:47:13.495645+00:00
1997-10-01,1997,Oct.,10,284.0,287.0,291.0,3.0,4.0,7.0,870.0,876.0,882.0,6.0,6.0,12.0,https://www.bls.gov/web/empsit/cesnaicsrev.htm,2026-07-02T12:47:13.495645+00:00
1997-11-01,1997,Nov.,11,404.0,412.0,429.0,8.0,17.0,25.0,389.0,397.0,420.0,8.0,23.0,31.0,https://www.bls.gov/web/empsit/cesnaicsrev.htm,2026-07-02T12:47:13.495645+00:00
1997-12-01,1997,Dec.,12,370.0,355.0,354.0,-15.0,-1.0,-16.0,187.0,168.0,167.0,-19.0,-1.0,-20.0,https://www.bls.gov/web/empsit/cesnaicsrev.htm,2026-07-02T12:47:13.495645+00:00
1998-01-01,1998,Jan.,1,358.0,375.0,399.0,17.0,24.0,41.0,-2574.0,-2559.0,-2538.0,15.0,21.0,36.0,https://www.bls.gov/web/empsit/cesnaicsrev.htm,2026-07-02T12:47:13.495645+00:00
1998-02-01,1998,Feb.,2,310.0,252.0,259.0,-58.0,7.0,-51.0,834.0,780.0,780.0,-54.0,0.0,-54.0,https://www.bls.gov/web/empsit/cesnaicsrev.htm,2026-07-02T12:47:13.495645+00:00
1998-03-01,1998,Mar.,3,-36.0,-24.0,82.0,12.0,106.0,118.0,636.0,656.0,1066.0,20.0,410.0,430.0,https://www.bls.gov/web/empsit/cesnaicsrev.htm,2026-07-02T12:47:13.495645+00:00
1998-04-01,1998,Apr.,4,262.0,302.0,320.0,40.0,18.0,58.0,1027.0,1062.0,1082.0,35.0,20.0,55.0,https://www.bls.gov/web/empsit/cesnaicsrev.htm,2026-07-02T12:47:13.495645+00:00
1998-05-01,1998,May,5,296.0,309.0,328.0,13.0,19.0,32.0,1046.0,1065.0,1078.0,19.0,13.0,32.0,https://www.bls.gov/web/empsit/cesnaicsrev.htm,2026-07-02T12:47:13.495645+00:00
1998-06-01,1998,Jun.,6,205.0,196.0,189.0,-9.0,-7.0,-16.0,718.0,716.0,707.0,-2.0,-9.0,-11.0,https://www.bls.gov/web/empsit/cesnaicsrev.htm,2026-07-02T12:47:13.495645+00:00
1998-07-01,1998,Jul.,7,66.0,68.0,118.0,2.0,50.0,52.0,-1085.0,-1078.0,-1032.0,7.0,46.0,53.0,https://www.bls.gov/web/empsit/cesnaicsrev.htm,2026-07-02T12:47:13.495645+00:00
1998-08-01,1998,Aug.,8,365.0,309.0,322.0,-56.0,13.0,-43.0,203.0,150.0,165.0,-53.0,15.0,-38.0,https://www.bls.gov/web/empsit/cesnaicsrev.htm,2026-07-02T12:47:13.495645+00:00
1998-09-01,1998,Sep.,9,69.0,157.0,172.0,88.0,15.0,103.0,685.0,768.0,792.0,83.0,24.0,107.0,https://www.bls.gov/web/empsit/cesnaicsrev.htm,2026-07-02T12:47:13.495645+00:00
1998-10-01,1998,Oct.,10,116.0,145.0,164.0,29.0,19.0,48.0,713.0,687.0,706.0,-26.0,19.0,-7.0,https://www.bls.gov/web/empsit/cesnaicsrev.htm,2026-07-02T12:47:13.495645+00:00
1998-11-01,1998,Nov.,11,267.0,251.0,277.0,-16.0,26.0,10.0,333.0,316.0,336.0,-17.0,20.0,3.0,https://www.bls.gov/web/empsit/cesnaicsrev.htm,2026-07-02T12:47:13.495645+00:00
1998-12-01,1998,Dec.,12,378.0,298.0,314.0,-80.0,16.0,-64.0,156.0,76.0,96.0,-80.0,20.0,-60.0,https://www.bls.gov/web/empsit/cesnaicsrev.htm,2026-07-02T12:47:13.495645+00:00
1999-01-01,1999,Jan.,1,245.0,217.0,217.0,-28.0,0.0,-28.0,-2729.0,-2760.0,-2760.0,-31.0,0.0,-31.0,https://www.bls.gov/web/empsit/cesnaicsrev.htm,2026-07-02T12:47:13.495645+00:00
1999-02-01,1999,Feb.,2,275.0,297.0,335.0,22.0,38.0,60.0,852.0,871.0,916.0,19.0,45.0,64.0,https://www.bls.gov/web/empsit/cesnaicsrev.htm,2026-07-02T12:47:13.495645+00:00
1999-03-01,1999,Mar.,3,46.0,7.0,83.0,-39.0,76.0,37.0,650.0,598.0,775.0,-52.0,177.0,125.0,https://www.bls.gov/web/empsit/cesnaicsrev.htm,2026-07-02T12:47:13.495645+00:00
1999-04-01,1999,Apr.,4,234.0,343.0,321.0,109.0,-22.0,87.0,1085.0,1144.0,1123.0,59.0,-21.0,38.0,https://www.bls.gov/web/empsit/cesnaicsrev.htm,2026-07-02T12:47:13.495645+00:00
1999-05-01,1999,May,5,11.0,-5.0,28.0,-16.0,33.0,17.0,841.0,832.0,860.0,-9.0,28.0,19.0,https://www.bls.gov/web/empsit/cesnaicsrev.htm,2026-07-02T12:47:13.495645+00:00
1999-06-01,1999,Jun.,6,268.0,273.0,281.0,5.0,8.0,13.0,720.0,735.0,743.0,15.0,8.0,23.0,https://www.bls.gov/web/empsit/cesnaicsrev.htm,2026-07-02T12:47:13.495645+00:00
1999-07-01,1999,Jul.,7,310.0,338.0,373.0,28.0,35.0,63.0,-845.0,-825.0,-791.0,20.0,34.0,54.0,https://www.bls.gov/web/empsit/cesnaicsrev.htm,2026-07-02T12:47:13.495645+00:00
1999-08-01,1999,Aug.,8,124.0,103.0,129.0,-21.0,26.0,5.0,-47.0,-70.0,-49.0,-23.0,21.0,-2.0,https://www.bls.gov/web/empsit/cesnaicsrev.htm,2026-07-02T12:47:13.495645+00:00
1999-09-01,1999,Sep.,9,-8.0,41.0,103.0,49.0,62.0,111.0,630.0,689.0,698.0,59.0,9.0,68.0,https://www.bls.gov/web/empsit/cesnaicsrev.htm,2026-07-02T12:47:13.495645+00:00
1999-10-01,1999,Oct.,10,310.0,263.0,284.0,-47.0,21.0,-26.0,754.0,739.0,758.0,-15.0,19.0,4.0,https://www.bls.gov/web/empsit/cesnaicsrev.htm,2026-07-02T12:47:13.495645+00:00
1999-11-01,1999,Nov.,11,234.0,222.0,257.0,-12.0,35.0,23.0,393.0,380.0,418.0,-13.0,38.0,25.0,https://www.bls.gov/web/empsit/cesnaicsrev.htm,2026-07-02T12:47:13.495645+00:00
1999-12-01,1999,Dec.,12,315.0,316.0,309.0,1.0,-7.0,-6.0,105.0,102.0,91.0,-3.0,-11.0,-14.0,https://www.bls.gov/web/empsit/cesnaicsrev.htm,2026-07-02T12:47:13.495645+00:00
2000-01-01,2000,Jan.,1,387.0,384.0,394.0,-3.0,10.0,7.0,-2593.0,-2593.0,-2580.0,0.0,13.0,13.0,https://www.bls.gov/web/empsit/cesnaicsrev.htm,2026-07-02T12:47:13.495645+00:00
2000-02-01,2000,Feb.,2,43.0,7.0,27.0,-36.0,20.0,-16.0,657.0,619.0,640.0,-38.0,21.0,-17.0,https://www.bls.gov/web/empsit/cesnaicsrev.htm,2026-07-02T12:47:13.495645+00:00
2000-03-01,2000,Mar.,3,416.0,458.0,527.0,42.0,69.0,111.0,984.0,1029.0,1246.0,45.0,217.0,262.0,https://www.bls.gov/web/empsit/cesnaicsrev.htm,2026-07-02T12:47:13.495645+00:00
2000-04-01,2000,Apr.,4,340.0,414.0,410.0,74.0,-4.0,70.0,1133.0,1243.0,1234.0,110.0,-9.0,101.0,https://www.bls.gov/web/empsit/cesnaicsrev.htm,2026-07-02T12:47:13.495645+00:00
2000-05-01,2000,May,5,231.0,171.0,171.0,-60.0,0.0,-60.0,1059.0,1002.0,1000.0,-57.0,-2.0,-59.0,https://www.bls.gov/web/empsit/cesnaicsrev.htm,2026-07-02T12:47:13.495645+00:00
2000-06-01,2000,Jun.,6,11.0,30.0,57.0,19.0,27.0,46.0,600.0,626.0,653.0,26.0,27.0,53.0,https://www.bls.gov/web/empsit/cesnaicsrev.htm,2026-07-02T12:47:13.495645+00:00
2000-07-01,2000,Jul.,7,-108.0,-51.0,-40.0,57.0,11.0,68.0,-1442.0,-1398.0,-1386.0,44.0,12.0,56.0,https://www.bls.gov/web/empsit/cesnaicsrev.htm,2026-07-02T12:47:13.495645+00:00
2000-08-01,2000,Aug.,8,-105.0,-91.0,-79.0,14.0,12.0,26.0,-179.0,-176.0,-174.0,3.0,2.0,5.0,https://www.bls.gov/web/empsit/cesnaicsrev.htm,2026-07-02T12:47:13.495645+00:00
2000-09-01,2000,Sep.,9,252.0,195.0,195.0,-57.0,0.0,-57.0,737.0,692.0,718.0,-45.0,26.0,-19.0,https://www.bls.gov/web/empsit/cesnaicsrev.htm,2026-07-02T12:47:13.495645+00:00
2000-10-01,2000,Oct.,10,137.0,77.0,66.0,-60.0,-11.0,-71.0,656.0,550.0,536.0,-106.0,-14.0,-120.0,https://www.bls.gov/web/empsit/cesnaicsrev.htm,2026-07-02T12:47:13.495645+00:00
2000-11-01,2000,Nov.,11,94.0,59.0,53.0,-35.0,-6.0,-41.0,384.0,348.0,341.0,-36.0,-7.0,-43.0,https://www.bls.gov/web/empsit/cesnaicsrev.htm,2026-07-02T12:47:13.495645+00:00
2000-12-01,2000,Dec.,12,105.0,19.0,36.0,-86.0,17.0,-69.0,-101.0,-190.0,-173.0,-89.0,17.0,-72.0,https://www.bls.gov/web/empsit/cesnaicsrev.htm,2026-07-02T12:47:13.495645+00:00
2001-01-01,2001,Jan.,1,268.0,224.0,289.0,-44.0,65.0,21.0,-2738.0,-2782.0,-2719.0,-44.0,63.0,19.0,https://www.bls.gov/web/empsit/cesnaicsrev.htm,2026-07-02T12:47:13.495645+00:00
2001-02-01,2001,Feb.,2,135.0,140.0,136.0,5.0,-4.0,1.0,656.0,665.0,656.0,9.0,-9.0,0.0,https://www.bls.gov/web/empsit/cesnaicsrev.htm,2026-07-02T12:47:13.495645+00:00
2001-03-01,2001,Mar.,3,-86.0,-53.0,59.0,33.0,112.0,145.0,533.0,570.0,993.0,37.0,423.0,460.0,https://www.bls.gov/web/empsit/cesnaicsrev.htm,2026-07-02T12:47:13.495645+00:00
2001-04-01,2001,Apr.,4,-223.0,-182.0,-165.0,41.0,17.0,58.0,672.0,654.0,674.0,-18.0,20.0,2.0,https://www.bls.gov/web/empsit/cesnaicsrev.htm,2026-07-02T12:47:13.495645+00:00
2001-05-01,2001,May,5,-19.0,8.0,41.0,27.0,33.0,60.0,710.0,736.0,770.0,26.0,34.0,60.0,https://www.bls.gov/web/empsit/cesnaicsrev.htm,2026-07-02T12:47:13.495645+00:00
2001-06-01,2001,Jun.,6,-114.0,-93.0,-99.0,21.0,-6.0,15.0,466.0,478.0,471.0,12.0,-7.0,5.0,https://www.bls.gov/web/empsit/cesnaicsrev.htm,2026-07-02T12:47:13.495645+00:00
2001-07-01,2001,Jul.,7,-42.0,13.0,18.0,55.0,5.0,60.0,-1379.0,-1327.0,-1318.0,52.0,9.0,61.0,https://www.bls.gov/web/empsit/cesnaicsrev.htm,2026-07-02T12:47:13.495645+00:00
2001-08-01,2001,Aug.,8,-113.0,-84.0,-54.0,29.0,30.0,59.0,-123.0,-119.0,-93.0,4.0,26.0,30.0,https://www.bls.gov/web/empsit/cesnaicsrev.htm,2026-07-02T12:47:13.495645+00:00
2001-09-01,2001,Sep.,9,-199.0,-213.0,-165.0,-14.0,48.0,34.0,330.0,315.0,321.0,-15.0,6.0,-9.0,https://www.bls.gov/web/empsit/cesnaicsrev.htm,2026-07-02T12:47:13.495645+00:00
2001-10-01,2001,Oct.,10,-415.0,-468.0,-448.0,-53.0,20.0,-33.0,84.0,46.0,60.0,-38.0,14.0,-24.0,https://www.bls.gov/web/empsit/cesnaicsrev.htm,2026-07-02T12:47:13.495645+00:00
2001-11-01,2001,Nov.,11,-331.0,-371.0,-355.0,-40.0,16.0,-24.0,-133.0,-170.0,-153.0,-37.0,17.0,-20.0,https://www.bls.gov/web/empsit/cesnaicsrev.htm,2026-07-02T12:47:13.495645+00:00
2001-12-01,2001,Dec.,12,-124.0,-130.0,-106.0,-6.0,24.0,18.0,-301.0,-307.0,-292.0,-6.0,15.0,9.0,https://www.bls.gov/web/empsit/cesnaicsrev.htm,2026-07-02T12:47:13.495645+00:00
2002-01-01,2002,Jan.,1,-89.0,-126.0,-109.0,-37.0,17.0,-20.0,-2894.0,-2926.0,-2910.0,-32.0,16.0,-16.0,https://www.bls.gov/web/empsit/cesnaicsrev.htm,2026-07-02T12:47:13.495645+00:00
2002-02-01,2002,Feb.,2,66.0,-2.0,-4.0,-68.0,-2.0,-70.0,622.0,554.0,554.0,-68.0,0.0,-68.0,https://www.bls.gov/web/empsit/cesnaicsrev.htm,2026-07-02T12:47:13.495645+00:00
2002-03-01,2002,Mar.,3,58.0,-21.0,-5.0,-79.0,16.0,-63.0,644.0,566.0,88.0,-78.0,-478.0,-556.0,https://www.bls.gov/web/empsit/cesnaicsrev.htm,2026-07-02T12:47:13.495645+00:00
2002-04-01,2002,Apr.,4,43.0,6.0,-21.0,-37.0,-27.0,-64.0,785.0,762.0,733.0,-23.0,-29.0,-52.0,https://www.bls.gov/web/empsit/cesnaicsrev.htm,2026-07-02T12:47:13.495645+00:00
2002-05-01,2002,May,5,41.0,24.0,22.0,-17.0,-2.0,-19.0,840.0,826.0,823.0,-14.0,-3.0,-17.0,https://www.bls.gov/web/empsit/cesnaicsrev.htm,2026-07-02T12:47:13.495645+00:00
2002-06-01,2002,Jun.,6,36.0,66.0,34.0,30.0,-32.0,-2.0,415.0,446.0,413.0,31.0,-33.0,-2.0,https://www.bls.gov/web/empsit/cesnaicsrev.htm,2026-07-02T12:47:13.495645+00:00
2002-07-01,2002,Jul.,7,6.0,67.0,54.0,61.0,-13.0,48.0,-1305.0,-1242.0,-1255.0,63.0,-13.0,50.0,https://www.bls.gov/web/empsit/cesnaicsrev.htm,2026-07-02T12:47:13.495645+00:00
2002-08-01,2002,Aug.,8,39.0,107.0,123.0,68.0,16.0,84.0,15.0,84.0,96.0,69.0,12.0,81.0,https://www.bls.gov/web/empsit/cesnaicsrev.htm,2026-07-02T12:47:13.495645+00:00
2002-09-01,2002,Sep.,9,-43.0,-13.0,-84.0,30.0,-71.0,-41.0,478.0,511.0,522.0,33.0,11.0,44.0,https://www.bls.gov/web/empsit/cesnaicsrev.htm,2026-07-02T12:47:13.495645+00:00
2002-10-01,2002,Oct.,10,-5.0,86.0,69.0,91.0,-17.0,74.0,567.0,601.0,580.0,34.0,-21.0,13.0,https://www.bls.gov/web/empsit/cesnaicsrev.htm,2026-07-02T12:47:13.495645+00:00
2002-11-01,2002,Nov.,11,-40.0,-88.0,-81.0,-48.0,7.0,-41.0,100.0,58.0,63.0,-42.0,5.0,-37.0,https://www.bls.gov/web/empsit/cesnaicsrev.htm,2026-07-02T12:47:13.495645+00:00
2002-12-01,2002,Dec.,12,-101.0,-156.0,-147.0,-55.0,9.0,-46.0,-341.0,-393.0,-377.0,-52.0,16.0,-36.0,https://www.bls.gov/web/empsit/cesnaicsrev.htm,2026-07-02T12:47:13.495645+00:00
2003-01-01,2003,Jan.,1,143.0,185.0,203.0,42.0,18.0,60.0,-2722.0,-2684.0,-2669.0,38.0,15.0,53.0,https://www.bls.gov/web/empsit/cesnaicsrev.htm,2026-07-02T12:47:13.495645+00:00
2003-02-01,2003,Feb.,2,-308.0,-357.0,-353.0,-49.0,4.0,-45.0,315.0,274.0,276.0,-41.0,2.0,-39.0,https://www.bls.gov/web/empsit/cesnaicsrev.htm,2026-07-02T12:47:13.495645+00:00
2003-03-01,2003,Mar.,3,-108.0,-124.0,0.0,-16.0,,,496.0,484.0,0.0,-12.0,,,https://www.bls.gov/web/empsit/cesnaicsrev.htm,2026-07-02T12:47:13.495645+00:00
2003-04-01,2003,Apr.,4,-48.0,0.0,0.0,,,,714.0,0.0,0.0,,,,https://www.bls.gov/web/empsit/cesnaicsrev.htm,2026-07-02T12:47:13.495645+00:00
2003-05-01,2003,May,5,-17.0,-70.0,-76.0,-53.0,-6.0,-59.0,729.0,684.0,680.0,-45.0,-4.0,-49.0,https://www.bls.gov/web/empsit/cesnaicsrev.htm,2026-07-02T12:47:13.495645+00:00
2003-06-01,2003,Jun.,6,-30.0,-72.0,-83.0,-42.0,-11.0,-53.0,349.0,311.0,303.0,-38.0,-8.0,-46.0,https://www.bls.gov/web/empsit/cesnaicsrev.htm,2026-07-02T12:47:13.495645+00:00
2003-07-01,2003,Jul.,7,-44.0,-49.0,-57.0,-5.0,-8.0,-13.0,-1355.0,-1337.0,-1343.0,18.0,-6.0,12.0,https://www.bls.gov/web/empsit/cesnaicsrev.htm,2026-07-02T12:47:13.495645+00:00
2003-08-01,2003,Aug.,8,-93.0,-41.0,35.0,52.0,76.0,128.0,-76.0,5.0,32.0,81.0,27.0,108.0,https://www.bls.gov/web/empsit/cesnaicsrev.htm,2026-07-02T12:47:13.495645+00:00
2003-09-01,2003,Sep.,9,57.0,125.0,99.0,68.0,-26.0,42.0,490.0,616.0,601.0,126.0,-15.0,111.0,https://www.bls.gov/web/empsit/cesnaicsrev.htm,2026-07-02T12:47:13.495645+00:00
2003-10-01,2003,Oct.,10,126.0,137.0,100.0,11.0,-37.0,-26.0,822.0,821.0,791.0,-1.0,-30.0,-31.0,https://www.bls.gov/web/empsit/cesnaicsrev.htm,2026-07-02T12:47:13.495645+00:00
2003-11-01,2003,Nov.,11,57.0,43.0,83.0,-14.0,40.0,26.0,143.0,132.0,46.0,-11.0,-86.0,-97.0,https://www.bls.gov/web/empsit/cesnaicsrev.htm,2026-07-02T12:47:13.495645+00:00
2003-12-01,2003,Dec.,12,1.0,16.0,8.0,15.0,-8.0,7.0,-202.0,-193.0,-209.0,9.0,-16.0,-7.0,https://www.bls.gov/web/empsit/cesnaicsrev.htm,2026-07-02T12:47:13.495645+00:00
2004-01-01,2004,Jan.,1,112.0,97.0,159.0,-15.0,62.0,47.0,-2624.0,-2677.0,-2672.0,-53.0,5.0,-48.0,https://www.bls.gov/web/empsit/cesnaicsrev.htm,2026-07-02T12:47:13.495645+00:00
2004-02-01,2004,Feb.,2,21.0,46.0,83.0,25.0,37.0,62.0,588.0,604.0,596.0,16.0,-8.0,8.0,https://www.bls.gov/web/empsit/cesnaicsrev.htm,2026-07-02T12:47:13.495645+00:00
2004-03-01,2004,Mar.,3,308.0,337.0,353.0,29.0,16.0,45.0,1007.0,1034.0,1030.0,27.0,-4.0,23.0,https://www.bls.gov/web/empsit/cesnaicsrev.htm,2026-07-02T12:47:13.495645+00:00
2004-04-01,2004,Apr.,4,288.0,346.0,324.0,58.0,-22.0,36.0,1109.0,1159.0,1162.0,50.0,3.0,53.0,https://www.bls.gov/web/empsit/cesnaicsrev.htm,2026-07-02T12:47:13.495645+00:00
2004-05-01,2004,May,5,248.0,235.0,208.0,-13.0,-27.0,-40.0,939.0,897.0,903.0,-42.0,6.0,-36.0,https://www.bls.gov/web/empsit/cesnaicsrev.htm,2026-07-02T12:47:13.495645+00:00
2004-06-01,2004,Jun.,6,112.0,78.0,96.0,-34.0,18.0,-16.0,484.0,444.0,444.0,-40.0,0.0,-40.0,https://www.bls.gov/web/empsit/cesnaicsrev.htm,2026-07-02T12:47:13.495645+00:00
2004-07-01,2004,Jul.,7,32.0,73.0,85.0,41.0,12.0,53.0,-1206.0,-1135.0,-1152.0,71.0,-17.0,54.0,https://www.bls.gov/web/empsit/cesnaicsrev.htm,2026-07-02T12:47:13.495645+00:00
2004-08-01,2004,Aug.,8,144.0,128.0,198.0,-16.0,70.0,54.0,12.0,39.0,36.0,27.0,-3.0,24.0,https://www.bls.gov/web/empsit/cesnaicsrev.htm,2026-07-02T12:47:13.495645+00:00
2004-09-01,2004,Sep.,9,96.0,139.0,119.0,43.0,-20.0,23.0,704.0,730.0,715.0,26.0,-15.0,11.0,https://www.bls.gov/web/empsit/cesnaicsrev.htm,2026-07-02T12:47:13.495645+00:00
2004-10-01,2004,Oct.,10,337.0,303.0,312.0,-34.0,9.0,-25.0,1051.0,1014.0,1004.0,-37.0,-10.0,-47.0,https://www.bls.gov/web/empsit/cesnaicsrev.htm,2026-07-02T12:47:13.495645+00:00
2004-11-01,2004,Nov.,11,112.0,137.0,132.0,25.0,-5.0,20.0,224.0,279.0,267.0,55.0,-12.0,43.0,https://www.bls.gov/web/empsit/cesnaicsrev.htm,2026-07-02T12:47:13.495645+00:00
2004-12-01,2004,Dec.,12,157.0,133.0,155.0,-24.0,22.0,-2.0,-180.0,-206.0,-219.0,-26.0,-13.0,-39.0,https://www.bls.gov/web/empsit/cesnaicsrev.htm,2026-07-02T12:47:13.495645+00:00
2005-01-01,2005,Jan.,1,146.0,132.0,124.0,-14.0,-8.0,-22.0,-2662.0,-2713.0,-2692.0,-51.0,21.0,-30.0,https://www.bls.gov/web/empsit/cesnaicsrev.htm,2026-07-02T12:47:13.495645+00:00
2005-02-01,2005,Feb.,2,262.0,243.0,300.0,-19.0,57.0,38.0,856.0,833.0,842.0,-23.0,9.0,-14.0,https://www.bls.gov/web/empsit/cesnaicsrev.htm,2026-07-02T12:47:13.495645+00:00
2005-03-01,2005,Mar.,3,110.0,146.0,122.0,36.0,-24.0,12.0,817.0,858.0,859.0,41.0,1.0,42.0,https://www.bls.gov/web/empsit/cesnaicsrev.htm,2026-07-02T12:47:13.495645+00:00
2005-04-01,2005,Apr.,4,274.0,274.0,292.0,0.0,18.0,18.0,1179.0,1178.0,1181.0,-1.0,3.0,2.0,https://www.bls.gov/web/empsit/cesnaicsrev.htm,2026-07-02T12:47:13.495645+00:00
2005-05-01,2005,May,5,78.0,104.0,126.0,26.0,22.0,48.0,707.0,730.0,735.0,23.0,5.0,28.0,https://www.bls.gov/web/empsit/cesnaicsrev.htm,2026-07-02T12:47:13.495645+00:00
2005-06-01,2005,Jun.,6,146.0,166.0,175.0,20.0,9.0,29.0,611.0,620.0,606.0,9.0,-14.0,-5.0,https://www.bls.gov/web/empsit/cesnaicsrev.htm,2026-07-02T12:47:13.495645+00:00
2005-07-01,2005,Jul.,7,207.0,242.0,277.0,35.0,35.0,70.0,-1201.0,-1139.0,-1135.0,62.0,4.0,66.0,https://www.bls.gov/web/empsit/cesnaicsrev.htm,2026-07-02T12:47:13.495645+00:00
2005-08-01,2005,Aug.,8,169.0,211.0,148.0,42.0,-63.0,-21.0,123.0,210.0,187.0,87.0,-23.0,64.0,https://www.bls.gov/web/empsit/cesnaicsrev.htm,2026-07-02T12:47:13.495645+00:00
2005-09-01,2005,Sep.,9,-35.0,-8.0,17.0,27.0,25.0,52.0,532.0,566.0,565.0,34.0,-1.0,33.0,https://www.bls.gov/web/empsit/cesnaicsrev.htm,2026-07-02T12:47:13.495645+00:00
2005-10-01,2005,Oct.,10,56.0,44.0,25.0,-12.0,-19.0,-31.0,702.0,690.0,664.0,-12.0,-26.0,-38.0,https://www.bls.gov/web/empsit/cesnaicsrev.htm,2026-07-02T12:47:13.495645+00:00
2005-11-01,2005,Nov.,11,215.0,305.0,354.0,90.0,49.0,139.0,336.0,462.0,499.0,126.0,37.0,163.0,https://www.bls.gov/web/empsit/cesnaicsrev.htm,2026-07-02T12:47:13.495645+00:00
2005-12-01,2005,Dec.,12,108.0,140.0,145.0,32.0,5.0,37.0,-273.0,-272.0,-275.0,1.0,-3.0,-2.0,https://www.bls.gov/web/empsit/cesnaicsrev.htm,2026-07-02T12:47:13.495645+00:00
2006-01-01,2006,Jan.,1,193.0,170.0,154.0,-23.0,-16.0,-39.0,-2625.0,-2680.0,-2713.0,-55.0,-33.0,-88.0,https://www.bls.gov/web/empsit/cesnaicsrev.htm,2026-07-02T12:47:13.495645+00:00
2006-02-01,2006,Feb.,2,243.0,225.0,200.0,-18.0,-25.0,-43.0,904.0,873.0,868.0,-31.0,-5.0,-36.0,https://www.bls.gov/web/empsit/cesnaicsrev.htm,2026-07-02T12:47:13.495645+00:00
2006-03-01,2006,Mar.,3,211.0,200.0,175.0,-11.0,-25.0,-36.0,939.0,921.0,920.0,-18.0,-1.0,-19.0,https://www.bls.gov/web/empsit/cesnaicsrev.htm,2026-07-02T12:47:13.495645+00:00
2006-04-01,2006,Apr.,4,138.0,126.0,112.0,-12.0,-14.0,-26.0,922.0,925.0,914.0,3.0,-11.0,-8.0,https://www.bls.gov/web/empsit/cesnaicsrev.htm,2026-07-02T12:47:13.495645+00:00
2006-05-01,2006,May,5,75.0,92.0,100.0,17.0,8.0,25.0,769.0,811.0,835.0,42.0,24.0,66.0,https://www.bls.gov/web/empsit/cesnaicsrev.htm,2026-07-02T12:47:13.495645+00:00
2006-06-01,2006,Jun.,6,121.0,124.0,134.0,3.0,10.0,13.0,539.0,542.0,541.0,3.0,-1.0,2.0,https://www.bls.gov/web/empsit/cesnaicsrev.htm,2026-07-02T12:47:13.495645+00:00
2006-07-01,2006,Jul.,7,113.0,121.0,123.0,8.0,2.0,10.0,-1266.0,-1232.0,-1232.0,34.0,0.0,34.0,https://www.bls.gov/web/empsit/cesnaicsrev.htm,2026-07-02T12:47:13.495645+00:00
2006-08-01,2006,Aug.,8,128.0,188.0,230.0,60.0,42.0,102.0,107.0,206.0,224.0,99.0,18.0,117.0,https://www.bls.gov/web/empsit/cesnaicsrev.htm,2026-07-02T12:47:13.495645+00:00
2006-09-01,2006,Sep.,9,51.0,148.0,203.0,97.0,55.0,152.0,462.0,628.0,680.0,166.0,52.0,218.0,https://www.bls.gov/web/empsit/cesnaicsrev.htm,2026-07-02T12:47:13.495645+00:00
2006-10-01,2006,Oct.,10,92.0,79.0,86.0,-13.0,7.0,-6.0,712.0,707.0,709.0,-5.0,2.0,-3.0,https://www.bls.gov/web/empsit/cesnaicsrev.htm,2026-07-02T12:47:13.495645+00:00
2006-11-01,2006,Nov.,11,132.0,154.0,196.0,22.0,42.0,64.0,318.0,354.0,409.0,36.0,55.0,91.0,https://www.bls.gov/web/empsit/cesnaicsrev.htm,2026-07-02T12:47:13.495645+00:00
2006-12-01,2006,Dec.,12,167.0,206.0,226.0,39.0,20.0,59.0,-206.0,-136.0,-93.0,70.0,43.0,113.0,https://www.bls.gov/web/empsit/cesnaicsrev.htm,2026-07-02T12:47:13.495645+00:00
2007-01-01,2007,Jan.,1,111.0,146.0,162.0,35.0,16.0,51.0,-2814.0,-2780.0,-2770.0,34.0,10.0,44.0,https://www.bls.gov/web/empsit/cesnaicsrev.htm,2026-07-02T12:47:13.495645+00:00
2007-02-01,2007,Feb.,2,97.0,113.0,90.0,16.0,-23.0,-7.0,705.0,714.0,715.0,9.0,1.0,10.0,https://www.bls.gov/web/empsit/cesnaicsrev.htm,2026-07-02T12:47:13.495645+00:00
2007-03-01,2007,Mar.,3,180.0,177.0,175.0,-3.0,-2.0,-5.0,939.0,931.0,922.0,-8.0,-9.0,-17.0,https://www.bls.gov/web/empsit/cesnaicsrev.htm,2026-07-02T12:47:13.495645+00:00
2007-04-01,2007,Apr.,4,88.0,80.0,122.0,-8.0,42.0,34.0,833.0,827.0,856.0,-6.0,29.0,23.0,https://www.bls.gov/web/empsit/cesnaicsrev.htm,2026-07-02T12:47:13.495645+00:00
2007-05-01,2007,May,5,157.0,190.0,188.0,33.0,-2.0,31.0,880.0,941.0,973.0,61.0,32.0,93.0,https://www.bls.gov/web/empsit/cesnaicsrev.htm,2026-07-02T12:47:13.495645+00:00
2007-06-01,2007,Jun.,6,132.0,126.0,69.0,-6.0,-57.0,-63.0,504.0,506.0,506.0,2.0,0.0,2.0,https://www.bls.gov/web/empsit/cesnaicsrev.htm,2026-07-02T12:47:13.495645+00:00
2007-07-01,2007,Jul.,7,92.0,68.0,93.0,-24.0,25.0,1.0,-1333.0,-1367.0,-1375.0,-34.0,-8.0,-42.0,https://www.bls.gov/web/empsit/cesnaicsrev.htm,2026-07-02T12:47:13.495645+00:00
2007-08-01,2007,Aug.,8,-4.0,89.0,93.0,93.0,4.0,97.0,-42.0,123.0,123.0,165.0,0.0,165.0,https://www.bls.gov/web/empsit/cesnaicsrev.htm,2026-07-02T12:47:13.495645+00:00
2007-09-01,2007,Sep.,9,110.0,96.0,44.0,-14.0,-52.0,-66.0,626.0,593.0,547.0,-33.0,-46.0,-79.0,https://www.bls.gov/web/empsit/cesnaicsrev.htm,2026-07-02T12:47:13.495645+00:00
2007-10-01,2007,Oct.,10,166.0,170.0,159.0,4.0,-11.0,-7.0,759.0,797.0,802.0,38.0,5.0,43.0,https://www.bls.gov/web/empsit/cesnaicsrev.htm,2026-07-02T12:47:13.495645+00:00
2007-11-01,2007,Nov.,11,94.0,115.0,60.0,21.0,-55.0,-34.0,240.0,310.0,313.0,70.0,3.0,73.0,https://www.bls.gov/web/empsit/cesnaicsrev.htm,2026-07-02T12:47:13.495645+00:00
2007-12-01,2007,Dec.,12,18.0,82.0,41.0,64.0,-41.0,23.0,-339.0,-177.0,-216.0,162.0,-39.0,123.0,https://www.bls.gov/web/empsit/cesnaicsrev.htm,2026-07-02T12:47:13.495645+00:00
2008-01-01,2008,Jan.,1,-17.0,-22.0,-76.0,-5.0,-54.0,-59.0,-3044.0,-3008.0,-3022.0,36.0,-14.0,22.0,https://www.bls.gov/web/empsit/cesnaicsrev.htm,2026-07-02T12:47:13.495645+00:00
2008-02-01,2008,Feb.,2,-63.0,-76.0,-83.0,-13.0,-7.0,-20.0,525.0,529.0,527.0,4.0,-2.0,2.0,https://www.bls.gov/web/empsit/cesnaicsrev.htm,2026-07-02T12:47:13.495645+00:00
2008-03-01,2008,Mar.,3,-80.0,-81.0,-88.0,-1.0,-7.0,-8.0,574.0,580.0,594.0,6.0,14.0,20.0,https://www.bls.gov/web/empsit/cesnaicsrev.htm,2026-07-02T12:47:13.495645+00:00
2008-04-01,2008,Apr.,4,-20.0,-28.0,-67.0,-8.0,-39.0,-47.0,703.0,712.0,697.0,9.0,-15.0,-6.0,https://www.bls.gov/web/empsit/cesnaicsrev.htm,2026-07-02T12:47:13.495645+00:00
2008-05-01,2008,May,5,-49.0,-62.0,-47.0,-13.0,15.0,2.0,648.0,653.0,675.0,5.0,22.0,27.0,https://www.bls.gov/web/empsit/cesnaicsrev.htm,2026-07-02T12:47:13.495645+00:00
2008-06-01,2008,Jun.,6,-62.0,-51.0,-100.0,11.0,-49.0,-38.0,241.0,289.0,271.0,48.0,-18.0,30.0,https://www.bls.gov/web/empsit/cesnaicsrev.htm,2026-07-02T12:47:13.495645+00:00
2008-07-01,2008,Jul.,7,-51.0,-60.0,-67.0,-9.0,-7.0,-16.0,-1458.0,-1468.0,-1417.0,-10.0,51.0,41.0,https://www.bls.gov/web/empsit/cesnaicsrev.htm,2026-07-02T12:47:13.495645+00:00
2008-08-01,2008,Aug.,8,-84.0,-73.0,-127.0,11.0,-54.0,-43.0,-87.0,-28.0,-13.0,59.0,15.0,74.0,https://www.bls.gov/web/empsit/cesnaicsrev.htm,2026-07-02T12:47:13.495645+00:00
2008-09-01,2008,Sep.,9,-159.0,-284.0,-403.0,-125.0,-119.0,-244.0,245.0,107.0,128.0,-138.0,21.0,-117.0,https://www.bls.gov/web/empsit/cesnaicsrev.htm,2026-07-02T12:47:13.495645+00:00
2008-10-01,2008,Oct.,10,-240.0,-320.0,-423.0,-80.0,-103.0,-183.0,303.0,360.0,341.0,57.0,-19.0,38.0,https://www.bls.gov/web/empsit/cesnaicsrev.htm,2026-07-02T12:47:13.495645+00:00
2008-11-01,2008,Nov.,11,-533.0,-584.0,-597.0,-51.0,-13.0,-64.0,-634.0,-642.0,-610.0,-8.0,32.0,24.0,https://www.bls.gov/web/empsit/cesnaicsrev.htm,2026-07-02T12:47:13.495645+00:00
2008-12-01,2008,Dec.,12,-524.0,-577.0,-681.0,-53.0,-104.0,-157.0,-954.0,-935.0,-965.0,19.0,-30.0,-11.0,https://www.bls.gov/web/empsit/cesnaicsrev.htm,2026-07-02T12:47:13.495645+00:00
2009-01-01,2009,Jan.,1,-598.0,-655.0,-741.0,-57.0,-86.0,-143.0,-3606.0,-3570.0,-3615.0,36.0,-45.0,-9.0,https://www.bls.gov/web/empsit/cesnaicsrev.htm,2026-07-02T12:47:13.495645+00:00
2009-02-01,2009,Feb.,2,-651.0,-651.0,-681.0,0.0,-30.0,-30.0,-248.0,-172.0,-164.0,76.0,8.0,84.0,https://www.bls.gov/web/empsit/cesnaicsrev.htm,2026-07-02T12:47:13.495645+00:00
2009-03-01,2009,Mar.,3,-663.0,-699.0,-652.0,-36.0,47.0,11.0,-58.0,-84.0,-61.0,-26.0,23.0,-3.0,https://www.bls.gov/web/empsit/cesnaicsrev.htm,2026-07-02T12:47:13.495645+00:00
2009-04-01,2009,Apr.,4,-539.0,-504.0,-519.0,35.0,-15.0,20.0,241.0,271.0,259.0,30.0,-12.0,18.0,https://www.bls.gov/web/empsit/cesnaicsrev.htm,2026-07-02T12:47:13.495645+00:00
2009-05-01,2009,May,5,-345.0,-322.0,-303.0,23.0,19.0,42.0,319.0,383.0,384.0,64.0,1.0,65.0,https://www.bls.gov/web/empsit/cesnaicsrev.htm,2026-07-02T12:47:13.495645+00:00
2009-06-01,2009,Jun.,6,-467.0,-443.0,-463.0,24.0,-20.0,4.0,-110.0,-69.0,-95.0,41.0,-26.0,15.0,https://www.bls.gov/web/empsit/cesnaicsrev.htm,2026-07-02T12:47:13.495645+00:00
2009-07-01,2009,Jul.,7,-247.0,-276.0,-304.0,-29.0,-28.0,-57.0,-1333.0,-1443.0,-1498.0,-110.0,-55.0,-165.0,https://www.bls.gov/web/empsit/cesnaicsrev.htm,2026-07-02T12:47:13.495645+00:00
2009-08-01,2009,Aug.,8,-216.0,-201.0,-154.0,15.0,47.0,62.0,-179.0,-124.0,-81.0,55.0,43.0,98.0,https://www.bls.gov/web/empsit/cesnaicsrev.htm,2026-07-02T12:47:13.495645+00:00
2009-09-01,2009,Sep.,9,-263.0,-219.0,-139.0,44.0,80.0,124.0,303.0,353.0,389.0,50.0,36.0,86.0,https://www.bls.gov/web/empsit/cesnaicsrev.htm,2026-07-02T12:47:13.495645+00:00
2009-10-01,2009,Oct.,10,-190.0,-111.0,-127.0,79.0,-16.0,63.0,641.0,708.0,678.0,67.0,-30.0,37.0,https://www.bls.gov/web/empsit/cesnaicsrev.htm,2026-07-02T12:47:13.495645+00:00
2009-11-01,2009,Nov.,11,-11.0,4.0,64.0,15.0,60.0,75.0,80.0,114.0,80.0,34.0,-34.0,0.0,https://www.bls.gov/web/empsit/cesnaicsrev.htm,2026-07-02T12:47:13.495645+00:00
2009-12-01,2009,Dec.,12,-85.0,-150.0,-109.0,-65.0,41.0,-24.0,-406.0,-538.0,-521.0,-132.0,17.0,-115.0,https://www.bls.gov/web/empsit/cesnaicsrev.htm,2026-07-02T12:47:13.495645+00:00
2010-01-01,2010,Jan.,1,-20.0,-26.0,14.0,-6.0,40.0,34.0,-2819.0,-2842.0,-2834.0,-23.0,8.0,-15.0,https://www.bls.gov/web/empsit/cesnaicsrev.htm,2026-07-02T12:47:13.495645+00:00
2010-02-01,2010,Feb.,2,-36.0,-14.0,39.0,22.0,53.0,75.0,473.0,469.0,471.0,-4.0,2.0,-2.0,https://www.bls.gov/web/empsit/cesnaicsrev.htm,2026-07-02T12:47:13.495645+00:00
2010-03-01,2010,Mar.,3,162.0,230.0,208.0,68.0,-22.0,46.0,843.0,876.0,873.0,33.0,-3.0,30.0,https://www.bls.gov/web/empsit/cesnaicsrev.htm,2026-07-02T12:47:13.495645+00:00
2010-04-01,2010,Apr.,4,290.0,290.0,313.0,0.0,23.0,23.0,1158.0,1150.0,1158.0,-8.0,8.0,0.0,https://www.bls.gov/web/empsit/cesnaicsrev.htm,2026-07-02T12:47:13.495645+00:00
2010-05-01,2010,May,5,431.0,433.0,432.0,2.0,-1.0,1.0,1090.0,1093.0,1106.0,3.0,13.0,16.0,https://www.bls.gov/web/empsit/cesnaicsrev.htm,2026-07-02T12:47:13.495645+00:00
2010-06-01,2010,Jun.,6,-125.0,-221.0,-175.0,-96.0,46.0,-50.0,247.0,123.0,124.0,-124.0,1.0,-123.0,https://www.bls.gov/web/empsit/cesnaicsrev.htm,2026-07-02T12:47:13.495645+00:00
2010-07-01,2010,Jul.,7,-131.0,-54.0,-66.0,77.0,-12.0,65.0,-1391.0,-1269.0,-1287.0,122.0,-18.0,104.0,https://www.bls.gov/web/empsit/cesnaicsrev.htm,2026-07-02T12:47:13.495645+00:00
2010-08-01,2010,Aug.,8,-54.0,-57.0,-1.0,-3.0,56.0,53.0,72.0,77.0,76.0,5.0,-1.0,4.0,https://www.bls.gov/web/empsit/cesnaicsrev.htm,2026-07-02T12:47:13.495645+00:00
2010-09-01,2010,Sep.,9,-95.0,-41.0,-24.0,54.0,17.0,71.0,428.0,461.0,493.0,33.0,32.0,65.0,https://www.bls.gov/web/empsit/cesnaicsrev.htm,2026-07-02T12:47:13.495645+00:00
2010-10-01,2010,Oct.,10,151.0,172.0,210.0,21.0,38.0,59.0,919.0,966.0,972.0,47.0,6.0,53.0,https://www.bls.gov/web/empsit/cesnaicsrev.htm,2026-07-02T12:47:13.495645+00:00
2010-11-01,2010,Nov.,11,39.0,71.0,93.0,32.0,22.0,54.0,217.0,271.0,300.0,54.0,29.0,83.0,https://www.bls.gov/web/empsit/cesnaicsrev.htm,2026-07-02T12:47:13.495645+00:00
2010-12-01,2010,Dec.,12,103.0,121.0,152.0,18.0,31.0,49.0,-357.0,-309.0,-321.0,48.0,-12.0,36.0,https://www.bls.gov/web/empsit/cesnaicsrev.htm,2026-07-02T12:47:13.495645+00:00
2011-01-01,2011,Jan.,1,36.0,63.0,68.0,27.0,5.0,32.0,-2898.0,-2867.0,-2867.0,31.0,0.0,31.0,https://www.bls.gov/web/empsit/cesnaicsrev.htm,2026-07-02T12:47:13.495645+00:00
2011-02-01,2011,Feb.,2,192.0,194.0,235.0,2.0,41.0,43.0,816.0,799.0,811.0,-17.0,12.0,-5.0,https://www.bls.gov/web/empsit/cesnaicsrev.htm,2026-07-02T12:47:13.495645+00:00
2011-03-01,2011,Mar.,3,216.0,221.0,194.0,5.0,-27.0,-22.0,925.0,925.0,905.0,0.0,-20.0,-20.0,https://www.bls.gov/web/empsit/cesnaicsrev.htm,2026-07-02T12:47:13.495645+00:00
2011-04-01,2011,Apr.,4,244.0,232.0,217.0,-12.0,-15.0,-27.0,1169.0,1172.0,1173.0,3.0,1.0,4.0,https://www.bls.gov/web/empsit/cesnaicsrev.htm,2026-07-02T12:47:13.495645+00:00
2011-05-01,2011,May,5,54.0,25.0,53.0,-29.0,28.0,-1.0,682.0,631.0,635.0,-51.0,4.0,-47.0,https://www.bls.gov/web/empsit/cesnaicsrev.htm,2026-07-02T12:47:13.495645+00:00
2011-06-01,2011,Jun.,6,18.0,46.0,20.0,28.0,-26.0,2.0,376.0,444.0,437.0,68.0,-7.0,61.0,https://www.bls.gov/web/empsit/cesnaicsrev.htm,2026-07-02T12:47:13.495645+00:00
2011-07-01,2011,Jul.,7,117.0,85.0,127.0,-32.0,42.0,10.0,-1231.0,-1356.0,-1323.0,-125.0,33.0,-92.0,https://www.bls.gov/web/empsit/cesnaicsrev.htm,2026-07-02T12:47:13.495645+00:00
2011-08-01,2011,Aug.,8,0.0,57.0,104.0,57.0,47.0,104.0,118.0,212.0,237.0,94.0,25.0,119.0,https://www.bls.gov/web/empsit/cesnaicsrev.htm,2026-07-02T12:47:13.495645+00:00
2011-09-01,2011,Sep.,9,103.0,158.0,210.0,55.0,52.0,107.0,519.0,631.0,688.0,112.0,57.0,169.0,https://www.bls.gov/web/empsit/cesnaicsrev.htm,2026-07-02T12:47:13.495645+00:00
2011-10-01,2011,Oct.,10,80.0,100.0,112.0,20.0,12.0,32.0,883.0,874.0,882.0,-9.0,8.0,-1.0,https://www.bls.gov/web/empsit/cesnaicsrev.htm,2026-07-02T12:47:13.495645+00:00
2011-11-01,2011,Nov.,11,120.0,100.0,157.0,-20.0,57.0,37.0,339.0,312.0,302.0,-27.0,-10.0,-37.0,https://www.bls.gov/web/empsit/cesnaicsrev.htm,2026-07-02T12:47:13.495645+00:00
2011-12-01,2011,Dec.,12,200.0,203.0,223.0,3.0,20.0,23.0,-219.0,-220.0,-207.0,-1.0,13.0,12.0,https://www.bls.gov/web/empsit/cesnaicsrev.htm,2026-07-02T12:47:13.495645+00:00
2012-01-01,2012,Jan.,1,243.0,284.0,275.0,41.0,-9.0,32.0,-2689.0,-2652.0,-2668.0,37.0,-16.0,21.0,https://www.bls.gov/web/empsit/cesnaicsrev.htm,2026-07-02T12:47:13.495645+00:00
2012-02-01,2012,Feb.,2,227.0,240.0,259.0,13.0,19.0,32.0,851.0,902.0,913.0,51.0,11.0,62.0,https://www.bls.gov/web/empsit/cesnaicsrev.htm,2026-07-02T12:47:13.495645+00:00
2012-03-01,2012,Mar.,3,120.0,154.0,143.0,34.0,-11.0,23.0,811.0,861.0,871.0,50.0,10.0,60.0,https://www.bls.gov/web/empsit/cesnaicsrev.htm,2026-07-02T12:47:13.495645+00:00
2012-04-01,2012,Apr.,4,115.0,77.0,68.0,-38.0,-9.0,-47.0,896.0,857.0,864.0,-39.0,7.0,-32.0,https://www.bls.gov/web/empsit/cesnaicsrev.htm,2026-07-02T12:47:13.495645+00:00
2012-05-01,2012,May,5,69.0,77.0,87.0,8.0,10.0,18.0,789.0,780.0,778.0,-9.0,-2.0,-11.0,https://www.bls.gov/web/empsit/cesnaicsrev.htm,2026-07-02T12:47:13.495645+00:00
2012-06-01,2012,Jun.,6,80.0,64.0,45.0,-16.0,-19.0,-35.0,391.0,349.0,334.0,-42.0,-15.0,-57.0,https://www.bls.gov/web/empsit/cesnaicsrev.htm,2026-07-02T12:47:13.495645+00:00
2012-07-01,2012,Jul.,7,163.0,141.0,181.0,-22.0,40.0,18.0,-1204.0,-1217.0,-1204.0,-13.0,13.0,0.0,https://www.bls.gov/web/empsit/cesnaicsrev.htm,2026-07-02T12:47:13.495645+00:00
2012-08-01,2012,Aug.,8,96.0,142.0,192.0,46.0,50.0,96.0,252.0,370.0,381.0,118.0,11.0,129.0,https://www.bls.gov/web/empsit/cesnaicsrev.htm,2026-07-02T12:47:13.495645+00:00
2012-09-01,2012,Sep.,9,114.0,148.0,132.0,34.0,-16.0,18.0,574.0,647.0,632.0,73.0,-15.0,58.0,https://www.bls.gov/web/empsit/cesnaicsrev.htm,2026-07-02T12:47:13.495645+00:00
2012-10-01,2012,Oct.,10,171.0,138.0,137.0,-33.0,-1.0,-34.0,911.0,836.0,842.0,-75.0,6.0,-69.0,https://www.bls.gov/web/empsit/cesnaicsrev.htm,2026-07-02T12:47:13.495645+00:00
2012-11-01,2012,Nov.,11,146.0,161.0,247.0,15.0,86.0,101.0,367.0,357.0,395.0,-10.0,38.0,28.0,https://www.bls.gov/web/empsit/cesnaicsrev.htm,2026-07-02T12:47:13.495645+00:00
2012-12-01,2012,Dec.,12,155.0,196.0,219.0,41.0,23.0,64.0,-243.0,-91.0,-76.0,152.0,15.0,167.0,https://www.bls.gov/web/empsit/cesnaicsrev.htm,2026-07-02T12:47:13.495645+00:00
2013-01-01,2013,Jan.,1,157.0,119.0,148.0,-38.0,29.0,-9.0,-2840.0,-2916.0,-2856.0,-76.0,60.0,-16.0,https://www.bls.gov/web/empsit/cesnaicsrev.htm,2026-07-02T12:47:13.495645+00:00
2013-02-01,2013,Feb.,2,236.0,268.0,332.0,32.0,64.0,96.0,959.0,1022.0,1048.0,63.0,26.0,89.0,https://www.bls.gov/web/empsit/cesnaicsrev.htm,2026-07-02T12:47:13.495645+00:00
2013-03-01,2013,Mar.,3,88.0,138.0,142.0,50.0,4.0,54.0,759.0,810.0,818.0,51.0,8.0,59.0,https://www.bls.gov/web/empsit/cesnaicsrev.htm,2026-07-02T12:47:13.495645+00:00
2013-04-01,2013,Apr.,4,165.0,149.0,199.0,-16.0,50.0,34.0,932.0,912.0,943.0,-20.0,31.0,11.0,https://www.bls.gov/web/empsit/cesnaicsrev.htm,2026-07-02T12:47:13.495645+00:00
2013-05-01,2013,May,5,175.0,195.0,176.0,20.0,-19.0,1.0,885.0,870.0,870.0,-15.0,0.0,-15.0,https://www.bls.gov/web/empsit/cesnaicsrev.htm,2026-07-02T12:47:13.495645+00:00
2013-06-01,2013,Jun.,6,195.0,188.0,172.0,-7.0,-16.0,-23.0,422.0,394.0,386.0,-28.0,-8.0,-36.0,https://www.bls.gov/web/empsit/cesnaicsrev.htm,2026-07-02T12:47:13.495645+00:00
2013-07-01,2013,Jul.,7,162.0,104.0,89.0,-58.0,-15.0,-73.0,-1113.0,-1186.0,-1192.0,-73.0,-6.0,-79.0,https://www.bls.gov/web/empsit/cesnaicsrev.htm,2026-07-02T12:47:13.495645+00:00
2013-08-01,2013,Aug.,8,169.0,193.0,238.0,24.0,45.0,69.0,378.0,411.0,425.0,33.0,14.0,47.0,https://www.bls.gov/web/empsit/cesnaicsrev.htm,2026-07-02T12:47:13.495645+00:00
2013-09-01,2013,Sep.,9,148.0,163.0,175.0,15.0,12.0,27.0,612.0,598.0,610.0,-14.0,12.0,-2.0,https://www.bls.gov/web/empsit/cesnaicsrev.htm,2026-07-02T12:47:13.495645+00:00
2013-10-01,2013,Oct.,10,204.0,200.0,200.0,-4.0,0.0,-4.0,940.0,909.0,911.0,-31.0,2.0,-29.0,https://www.bls.gov/web/empsit/cesnaicsrev.htm,2026-07-02T12:47:13.495645+00:00
2013-11-01,2013,Nov.,11,203.0,241.0,274.0,38.0,33.0,71.0,421.0,476.0,523.0,55.0,47.0,102.0,https://www.bls.gov/web/empsit/cesnaicsrev.htm,2026-07-02T12:47:13.495645+00:00
2013-12-01,2013,Dec.,12,74.0,75.0,84.0,1.0,9.0,10.0,-246.0,-270.0,-267.0,-24.0,3.0,-21.0,https://www.bls.gov/web/empsit/cesnaicsrev.htm,2026-07-02T12:47:13.495645+00:00
2014-01-01,2014,Jan.,1,113.0,129.0,144.0,16.0,15.0,31.0,-2870.0,-2836.0,-2818.0,34.0,18.0,52.0,https://www.bls.gov/web/empsit/cesnaicsrev.htm,2026-07-02T12:47:13.495645+00:00
2014-02-01,2014,Feb.,2,175.0,197.0,222.0,22.0,25.0,47.0,750.0,743.0,741.0,-7.0,-2.0,-9.0,https://www.bls.gov/web/empsit/cesnaicsrev.htm,2026-07-02T12:47:13.495645+00:00
2014-03-01,2014,Mar.,3,192.0,203.0,203.0,11.0,0.0,11.0,941.0,944.0,955.0,3.0,11.0,14.0,https://www.bls.gov/web/empsit/cesnaicsrev.htm,2026-07-02T12:47:13.495645+00:00
2014-04-01,2014,Apr.,4,288.0,282.0,304.0,-6.0,22.0,16.0,1152.0,1125.0,1118.0,-27.0,-7.0,-34.0,https://www.bls.gov/web/empsit/cesnaicsrev.htm,2026-07-02T12:47:13.495645+00:00
2014-05-01,2014,May,5,217.0,224.0,229.0,7.0,5.0,12.0,920.0,914.0,919.0,-6.0,5.0,-1.0,https://www.bls.gov/web/empsit/cesnaicsrev.htm,2026-07-02T12:47:13.495645+00:00
2014-06-01,2014,Jun.,6,288.0,298.0,267.0,10.0,-31.0,-21.0,582.0,592.0,588.0,10.0,-4.0,6.0,https://www.bls.gov/web/empsit/cesnaicsrev.htm,2026-07-02T12:47:13.495645+00:00
2014-07-01,2014,Jul.,7,209.0,212.0,243.0,3.0,31.0,34.0,-1110.0,-1110.0,-1103.0,0.0,7.0,7.0,https://www.bls.gov/web/empsit/cesnaicsrev.htm,2026-07-02T12:47:13.495645+00:00
2014-08-01,2014,Aug.,8,142.0,180.0,203.0,38.0,23.0,61.0,327.0,382.0,392.0,55.0,10.0,65.0,https://www.bls.gov/web/empsit/cesnaicsrev.htm,2026-07-02T12:47:13.495645+00:00
2014-09-01,2014,Sep.,9,248.0,256.0,271.0,8.0,15.0,23.0,701.0,692.0,692.0,-9.0,0.0,-9.0,https://www.bls.gov/web/empsit/cesnaicsrev.htm,2026-07-02T12:47:13.495645+00:00
2014-10-01,2014,Oct.,10,214.0,243.0,261.0,29.0,18.0,47.0,1064.0,1051.0,1058.0,-13.0,7.0,-6.0,https://www.bls.gov/web/empsit/cesnaicsrev.htm,2026-07-02T12:47:13.495645+00:00
2014-11-01,2014,Nov.,11,321.0,353.0,423.0,32.0,70.0,102.0,497.0,510.0,478.0,13.0,-32.0,-19.0,https://www.bls.gov/web/empsit/cesnaicsrev.htm,2026-07-02T12:47:13.495645+00:00
2014-12-01,2014,Dec.,12,252.0,329.0,329.0,77.0,0.0,77.0,-65.0,5.0,6.0,70.0,1.0,71.0,https://www.bls.gov/web/empsit/cesnaicsrev.htm,2026-07-02T12:47:13.495645+00:00
2015-01-01,2015,Jan.,1,257.0,239.0,201.0,-18.0,-38.0,-56.0,-2755.0,-2821.0,-2813.0,-66.0,8.0,-58.0,https://www.bls.gov/web/empsit/cesnaicsrev.htm,2026-07-02T12:47:13.495645+00:00
2015-02-01,2015,Feb.,2,295.0,264.0,266.0,-31.0,2.0,-29.0,903.0,832.0,848.0,-71.0,16.0,-55.0,https://www.bls.gov/web/empsit/cesnaicsrev.htm,2026-07-02T12:47:13.495645+00:00
2015-03-01,2015,Mar.,3,126.0,85.0,119.0,-41.0,34.0,-7.0,823.0,765.0,779.0,-58.0,14.0,-44.0,https://www.bls.gov/web/empsit/cesnaicsrev.htm,2026-07-02T12:47:13.495645+00:00
2015-04-01,2015,Apr.,4,223.0,221.0,187.0,-2.0,-34.0,-36.0,1178.0,1152.0,1139.0,-26.0,-13.0,-39.0,https://www.bls.gov/web/empsit/cesnaicsrev.htm,2026-07-02T12:47:13.495645+00:00
2015-05-01,2015,May,5,280.0,254.0,260.0,-26.0,6.0,-20.0,970.0,925.0,928.0,-45.0,3.0,-42.0,https://www.bls.gov/web/empsit/cesnaicsrev.htm,2026-07-02T12:47:13.495645+00:00
2015-06-01,2015,Jun.,6,223.0,231.0,245.0,8.0,14.0,22.0,455.0,474.0,471.0,19.0,-3.0,16.0,https://www.bls.gov/web/empsit/cesnaicsrev.htm,2026-07-02T12:47:13.495645+00:00
2015-07-01,2015,Jul.,7,215.0,245.0,223.0,30.0,-22.0,8.0,-1045.0,-968.0,-964.0,77.0,4.0,81.0,https://www.bls.gov/web/empsit/cesnaicsrev.htm,2026-07-02T12:47:13.495645+00:00
2015-08-01,2015,Aug.,8,173.0,136.0,153.0,-37.0,17.0,-20.0,258.0,197.0,190.0,-61.0,-7.0,-68.0,https://www.bls.gov/web/empsit/cesnaicsrev.htm,2026-07-02T12:47:13.495645+00:00
2015-09-01,2015,Sep.,9,142.0,137.0,145.0,-5.0,8.0,3.0,558.0,525.0,542.0,-33.0,17.0,-16.0,https://www.bls.gov/web/empsit/cesnaicsrev.htm,2026-07-02T12:47:13.495645+00:00
2015-10-01,2015,Oct.,10,271.0,298.0,307.0,27.0,9.0,36.0,1152.0,1180.0,1160.0,28.0,-20.0,8.0,https://www.bls.gov/web/empsit/cesnaicsrev.htm,2026-07-02T12:47:13.495645+00:00
2015-11-01,2015,Nov.,11,211.0,252.0,280.0,41.0,28.0,69.0,344.0,416.0,433.0,72.0,17.0,89.0,https://www.bls.gov/web/empsit/cesnaicsrev.htm,2026-07-02T12:47:13.495645+00:00
2015-12-01,2015,Dec.,12,292.0,262.0,271.0,-30.0,9.0,-21.0,11.0,-10.0,-6.0,-21.0,4.0,-17.0,https://www.bls.gov/web/empsit/cesnaicsrev.htm,2026-07-02T12:47:13.495645+00:00
2016-01-01,2016,Jan.,1,151.0,172.0,168.0,21.0,-4.0,17.0,-2989.0,-2961.0,-2966.0,28.0,-5.0,23.0,https://www.bls.gov/web/empsit/cesnaicsrev.htm,2026-07-02T12:47:13.495645+00:00
2016-02-01,2016,Feb.,2,242.0,245.0,233.0,3.0,-12.0,-9.0,850.0,837.0,842.0,-13.0,5.0,-8.0,https://www.bls.gov/web/empsit/cesnaicsrev.htm,2026-07-02T12:47:13.495645+00:00
2016-03-01,2016,Mar.,3,215.0,208.0,186.0,-7.0,-22.0,-29.0,890.0,895.0,903.0,5.0,8.0,13.0,https://www.bls.gov/web/empsit/cesnaicsrev.htm,2026-07-02T12:47:13.495645+00:00
2016-04-01,2016,Apr.,4,160.0,123.0,144.0,-37.0,21.0,-16.0,1057.0,1046.0,1039.0,-11.0,-7.0,-18.0,https://www.bls.gov/web/empsit/cesnaicsrev.htm,2026-07-02T12:47:13.495645+00:00
2016-05-01,2016,May,5,38.0,11.0,24.0,-27.0,13.0,-14.0,651.0,623.0,621.0,-28.0,-2.0,-30.0,https://www.bls.gov/web/empsit/cesnaicsrev.htm,2026-07-02T12:47:13.495645+00:00
2016-06-01,2016,Jun.,6,287.0,292.0,271.0,5.0,-21.0,-16.0,682.0,660.0,644.0,-22.0,-16.0,-38.0,https://www.bls.gov/web/empsit/cesnaicsrev.htm,2026-07-02T12:47:13.495645+00:00
2016-07-01,2016,Jul.,7,255.0,275.0,252.0,20.0,-23.0,-3.0,-1030.0,-999.0,-1016.0,31.0,-17.0,14.0,https://www.bls.gov/web/empsit/cesnaicsrev.htm,2026-07-02T12:47:13.495645+00:00
2016-08-01,2016,Aug.,8,151.0,167.0,176.0,16.0,9.0,25.0,224.0,233.0,230.0,9.0,-3.0,6.0,https://www.bls.gov/web/empsit/cesnaicsrev.htm,2026-07-02T12:47:13.495645+00:00
2016-09-01,2016,Sep.,9,156.0,191.0,208.0,35.0,17.0,52.0,527.0,616.0,639.0,89.0,23.0,112.0,https://www.bls.gov/web/empsit/cesnaicsrev.htm,2026-07-02T12:47:13.495645+00:00
2016-10-01,2016,Oct.,10,161.0,142.0,135.0,-19.0,-7.0,-26.0,899.0,868.0,842.0,-31.0,-26.0,-57.0,https://www.bls.gov/web/empsit/cesnaicsrev.htm,2026-07-02T12:47:13.495645+00:00
2016-11-01,2016,Nov.,11,178.0,204.0,164.0,26.0,-40.0,-14.0,479.0,524.0,424.0,45.0,-100.0,-55.0,https://www.bls.gov/web/empsit/cesnaicsrev.htm,2026-07-02T12:47:13.495645+00:00
2016-12-01,2016,Dec.,12,156.0,157.0,155.0,1.0,-2.0,-1.0,-270.0,-225.0,-235.0,45.0,-10.0,35.0,https://www.bls.gov/web/empsit/cesnaicsrev.htm,2026-07-02T12:47:13.495645+00:00
2017-01-01,2017,Jan.,1,227.0,238.0,216.0,11.0,-22.0,-11.0,-2948.0,-2897.0,-2885.0,51.0,12.0,63.0,https://www.bls.gov/web/empsit/cesnaicsrev.htm,2026-07-02T12:47:13.495645+00:00
2017-02-01,2017,Feb.,2,235.0,219.0,232.0,-16.0,13.0,-3.0,1010.0,1006.0,1019.0,-4.0,13.0,9.0,https://www.bls.gov/web/empsit/cesnaicsrev.htm,2026-07-02T12:47:13.495645+00:00
2017-03-01,2017,Mar.,3,98.0,79.0,50.0,-19.0,-29.0,-48.0,670.0,661.0,648.0,-9.0,-13.0,-22.0,https://www.bls.gov/web/empsit/cesnaicsrev.htm,2026-07-02T12:47:13.495645+00:00
2017-04-01,2017,Apr.,4,211.0,174.0,207.0,-37.0,33.0,-4.0,1026.0,998.0,1008.0,-28.0,10.0,-18.0,https://www.bls.gov/web/empsit/cesnaicsrev.htm,2026-07-02T12:47:13.495645+00:00
2017-05-01,2017,May,5,138.0,152.0,145.0,14.0,-7.0,7.0,810.0,841.0,836.0,31.0,-5.0,26.0,https://www.bls.gov/web/empsit/cesnaicsrev.htm,2026-07-02T12:47:13.495645+00:00
2017-06-01,2017,Jun.,6,222.0,231.0,210.0,9.0,-21.0,-12.0,599.0,623.0,637.0,24.0,14.0,38.0,https://www.bls.gov/web/empsit/cesnaicsrev.htm,2026-07-02T12:47:13.495645+00:00
2017-07-01,2017,Jul.,7,209.0,189.0,138.0,-20.0,-51.0,-71.0,-1039.0,-1091.0,-1133.0,-52.0,-42.0,-94.0,https://www.bls.gov/web/empsit/cesnaicsrev.htm,2026-07-02T12:47:13.495645+00:00
2017-08-01,2017,Aug.,8,156.0,169.0,208.0,13.0,39.0,52.0,211.0,252.0,299.0,41.0,47.0,88.0,https://www.bls.gov/web/empsit/cesnaicsrev.htm,2026-07-02T12:47:13.495645+00:00
2017-09-01,2017,Sep.,9,-33.0,18.0,38.0,51.0,20.0,71.0,340.0,377.0,367.0,37.0,-10.0,27.0,https://www.bls.gov/web/empsit/cesnaicsrev.htm,2026-07-02T12:47:13.495645+00:00
2017-10-01,2017,Oct.,10,261.0,244.0,211.0,-17.0,-33.0,-50.0,1042.0,1021.0,998.0,-21.0,-23.0,-44.0,https://www.bls.gov/web/empsit/cesnaicsrev.htm,2026-07-02T12:47:13.495645+00:00
2017-11-01,2017,Nov.,11,228.0,252.0,216.0,24.0,-36.0,-12.0,532.0,574.0,580.0,42.0,6.0,48.0,https://www.bls.gov/web/empsit/cesnaicsrev.htm,2026-07-02T12:47:13.495645+00:00
2017-12-01,2017,Dec.,12,148.0,160.0,175.0,12.0,15.0,27.0,-180.0,-225.0,-253.0,-45.0,-28.0,-73.0,https://www.bls.gov/web/empsit/cesnaicsrev.htm,2026-07-02T12:47:13.495645+00:00
2018-01-01,2018,Jan.,1,200.0,239.0,176.0,39.0,-63.0,-24.0,-3085.0,-3058.0,-3095.0,27.0,-37.0,-10.0,https://www.bls.gov/web/empsit/cesnaicsrev.htm,2026-07-02T12:47:13.495645+00:00
2018-02-01,2018,Feb.,2,313.0,326.0,324.0,13.0,-2.0,11.0,1224.0,1232.0,1239.0,8.0,7.0,15.0,https://www.bls.gov/web/empsit/cesnaicsrev.htm,2026-07-02T12:47:13.495645+00:00
2018-03-01,2018,Mar.,3,103.0,135.0,155.0,32.0,20.0,52.0,665.0,695.0,710.0,30.0,15.0,45.0,https://www.bls.gov/web/empsit/cesnaicsrev.htm,2026-07-02T12:47:13.495645+00:00
2018-04-01,2018,Apr.,4,164.0,159.0,175.0,-5.0,16.0,11.0,998.0,982.0,988.0,-16.0,6.0,-10.0,https://www.bls.gov/web/empsit/cesnaicsrev.htm,2026-07-02T12:47:13.495645+00:00
2018-05-01,2018,May,5,223.0,244.0,268.0,21.0,24.0,45.0,943.0,962.0,973.0,19.0,11.0,30.0,https://www.bls.gov/web/empsit/cesnaicsrev.htm,2026-07-02T12:47:13.495645+00:00
2018-06-01,2018,Jun.,6,213.0,248.0,208.0,35.0,-40.0,-5.0,646.0,712.0,695.0,66.0,-17.0,49.0,https://www.bls.gov/web/empsit/cesnaicsrev.htm,2026-07-02T12:47:13.495645+00:00
2018-07-01,2018,Jul.,7,157.0,147.0,165.0,-10.0,18.0,8.0,-1156.0,-1148.0,-1143.0,8.0,5.0,13.0,https://www.bls.gov/web/empsit/cesnaicsrev.htm,2026-07-02T12:47:13.495645+00:00
2018-08-01,2018,Aug.,8,201.0,270.0,286.0,69.0,16.0,85.0,334.0,494.0,509.0,160.0,15.0,175.0,https://www.bls.gov/web/empsit/cesnaicsrev.htm,2026-07-02T12:47:13.495645+00:00
2018-09-01,2018,Sep.,9,134.0,118.0,119.0,-16.0,1.0,-15.0,350.0,332.0,335.0,-18.0,3.0,-15.0,https://www.bls.gov/web/empsit/cesnaicsrev.htm,2026-07-02T12:47:13.495645+00:00
2018-10-01,2018,Oct.,10,250.0,237.0,274.0,-13.0,37.0,24.0,1015.0,1016.0,1019.0,1.0,3.0,4.0,https://www.bls.gov/web/empsit/cesnaicsrev.htm,2026-07-02T12:47:13.495645+00:00
2018-11-01,2018,Nov.,11,155.0,176.0,196.0,21.0,20.0,41.0,475.0,484.0,522.0,9.0,38.0,47.0,https://www.bls.gov/web/empsit/cesnaicsrev.htm,2026-07-02T12:47:13.495645+00:00
2018-12-01,2018,Dec.,12,312.0,222.0,227.0,-90.0,5.0,-85.0,-54.0,-193.0,-172.0,-139.0,21.0,-118.0,https://www.bls.gov/web/empsit/cesnaicsrev.htm,2026-07-02T12:47:13.495645+00:00
2019-01-01,2019,Jan.,1,304.0,311.0,312.0,7.0,1.0,8.0,-2981.0,-2897.0,-2908.0,84.0,-11.0,73.0,https://www.bls.gov/web/empsit/cesnaicsrev.htm,2026-07-02T12:47:13.495645+00:00
2019-02-01,2019,Feb.,2,20.0,33.0,56.0,13.0,23.0,36.0,827.0,848.0,853.0,21.0,5.0,26.0,https://www.bls.gov/web/empsit/cesnaicsrev.htm,2026-07-02T12:47:13.495645+00:00
2019-03-01,2019,Mar.,3,196.0,189.0,153.0,-7.0,-36.0,-43.0,724.0,714.0,716.0,-10.0,2.0,-8.0,https://www.bls.gov/web/empsit/cesnaicsrev.htm,2026-07-02T12:47:13.495645+00:00
2019-04-01,2019,Apr.,4,263.0,224.0,216.0,-39.0,-8.0,-47.0,1126.0,1078.0,1074.0,-48.0,-4.0,-52.0,https://www.bls.gov/web/empsit/cesnaicsrev.htm,2026-07-02T12:47:13.495645+00:00
2019-05-01,2019,May,5,75.0,72.0,62.0,-3.0,-10.0,-13.0,687.0,662.0,672.0,-25.0,10.0,-15.0,https://www.bls.gov/web/empsit/cesnaicsrev.htm,2026-07-02T12:47:13.495645+00:00
2019-06-01,2019,Jun.,6,224.0,193.0,178.0,-31.0,-15.0,-46.0,707.0,632.0,633.0,-75.0,1.0,-74.0,https://www.bls.gov/web/empsit/cesnaicsrev.htm,2026-07-02T12:47:13.495645+00:00
2019-07-01,2019,Jul.,7,164.0,159.0,166.0,-5.0,7.0,2.0,-1059.0,-1074.0,-1074.0,-15.0,0.0,-15.0,https://www.bls.gov/web/empsit/cesnaicsrev.htm,2026-07-02T12:47:13.495645+00:00
2019-08-01,2019,Aug.,8,130.0,168.0,219.0,38.0,51.0,89.0,348.0,418.0,438.0,70.0,20.0,90.0,https://www.bls.gov/web/empsit/cesnaicsrev.htm,2026-07-02T12:47:13.495645+00:00
2019-09-01,2019,Sep.,9,136.0,180.0,193.0,44.0,13.0,57.0,362.0,408.0,409.0,46.0,1.0,47.0,https://www.bls.gov/web/empsit/cesnaicsrev.htm,2026-07-02T12:47:13.495645+00:00
2019-10-01,2019,Oct.,10,128.0,156.0,152.0,28.0,-4.0,24.0,947.0,986.0,985.0,39.0,-1.0,38.0,https://www.bls.gov/web/empsit/cesnaicsrev.htm,2026-07-02T12:47:13.495645+00:00
2019-11-01,2019,Nov.,11,266.0,256.0,261.0,-10.0,5.0,-5.0,622.0,619.0,607.0,-3.0,-12.0,-15.0,https://www.bls.gov/web/empsit/cesnaicsrev.htm,2026-07-02T12:47:13.495645+00:00
2019-12-01,2019,Dec.,12,145.0,147.0,184.0,2.0,37.0,39.0,-278.0,-243.0,-248.0,35.0,-5.0,30.0,https://www.bls.gov/web/empsit/cesnaicsrev.htm,2026-07-02T12:47:13.495645+00:00
2020-01-01,2020,Jan.,1,225.0,273.0,214.0,48.0,-59.0,-11.0,-2832.0,-2812.0,-2776.0,20.0,36.0,56.0,https://www.bls.gov/web/empsit/cesnaicsrev.htm,2026-07-02T12:47:13.495645+00:00
2020-02-01,2020,Feb.,2,273.0,275.0,251.0,2.0,-24.0,-22.0,880.0,902.0,923.0,22.0,21.0,43.0,https://www.bls.gov/web/empsit/cesnaicsrev.htm,2026-07-02T12:47:13.495645+00:00
2020-03-01,2020,Mar.,3,-701.0,-881.0,-1373.0,-180.0,-492.0,-672.0,-251.0,-493.0,-1003.0,-242.0,-510.0,-752.0,https://www.bls.gov/web/empsit/cesnaicsrev.htm,2026-07-02T12:47:13.495645+00:00
2020-04-01,2020,Apr.,4,-20537.0,-20687.0,-20787.0,-150.0,-100.0,-250.0,-19512.0,-19662.0,-19756.0,-150.0,-94.0,-244.0,https://www.bls.gov/web/empsit/cesnaicsrev.htm,2026-07-02T12:47:13.495645+00:00
2020-05-01,2020,May,5,2509.0,2699.0,2725.0,190.0,26.0,216.0,2931.0,3093.0,3115.0,162.0,22.0,184.0,https://www.bls.gov/web/empsit/cesnaicsrev.htm,2026-07-02T12:47:13.495645+00:00
2020-06-01,2020,Jun.,6,4800.0,4791.0,4781.0,-9.0,-10.0,-19.0,5103.0,5077.0,5070.0,-26.0,-7.0,-33.0,https://www.bls.gov/web/empsit/cesnaicsrev.htm,2026-07-02T12:47:13.495645+00:00
2020-07-01,2020,Jul.,7,1763.0,1734.0,1761.0,-29.0,27.0,-2.0,591.0,561.0,574.0,-30.0,13.0,-17.0,https://www.bls.gov/web/empsit/cesnaicsrev.htm,2026-07-02T12:47:13.495645+00:00
2020-08-01,2020,Aug.,8,1371.0,1489.0,1493.0,118.0,4.0,122.0,1535.0,1642.0,1624.0,107.0,-18.0,89.0,https://www.bls.gov/web/empsit/cesnaicsrev.htm,2026-07-02T12:47:13.495645+00:00
2020-09-01,2020,Sep.,9,661.0,672.0,711.0,11.0,39.0,50.0,1137.0,1154.0,1201.0,17.0,47.0,64.0,https://www.bls.gov/web/empsit/cesnaicsrev.htm,2026-07-02T12:47:13.495645+00:00
2020-10-01,2020,Oct.,10,638.0,610.0,654.0,-28.0,44.0,16.0,1605.0,1587.0,1601.0,-18.0,14.0,-4.0,https://www.bls.gov/web/empsit/cesnaicsrev.htm,2026-07-02T12:47:13.495645+00:00
2020-11-01,2020,Nov.,11,245.0,336.0,264.0,91.0,-72.0,19.0,517.0,603.0,553.0,86.0,-50.0,36.0,https://www.bls.gov/web/empsit/cesnaicsrev.htm,2026-07-02T12:47:13.495645+00:00
2020-12-01,2020,Dec.,12,-140.0,-227.0,-306.0,-87.0,-79.0,-166.0,-328.0,-421.0,-519.0,-93.0,-98.0,-191.0,https://www.bls.gov/web/empsit/cesnaicsrev.htm,2026-07-02T12:47:13.495645+00:00
2021-01-01,2021,Jan.,1,49.0,166.0,233.0,117.0,67.0,184.0,-2773.0,-2654.0,-2622.0,119.0,32.0,151.0,https://www.bls.gov/web/empsit/cesnaicsrev.htm,2026-07-02T12:47:13.495645+00:00
2021-02-01,2021,Feb.,2,379.0,468.0,536.0,89.0,68.0,157.0,978.0,1097.0,1153.0,119.0,56.0,175.0,https://www.bls.gov/web/empsit/cesnaicsrev.htm,2026-07-02T12:47:13.495645+00:00
2021-03-01,2021,Mar.,3,916.0,770.0,785.0,-146.0,15.0,-131.0,1323.0,1176.0,1182.0,-147.0,6.0,-141.0,https://www.bls.gov/web/empsit/cesnaicsrev.htm,2026-07-02T12:47:13.495645+00:00
2021-04-01,2021,Apr.,4,266.0,278.0,269.0,12.0,-9.0,3.0,1089.0,1097.0,1082.0,8.0,-15.0,-7.0,https://www.bls.gov/web/empsit/cesnaicsrev.htm,2026-07-02T12:47:13.495645+00:00
2021-05-01,2021,May,5,559.0,583.0,614.0,24.0,31.0,55.0,973.0,972.0,958.0,-1.0,-14.0,-15.0,https://www.bls.gov/web/empsit/cesnaicsrev.htm,2026-07-02T12:47:13.495645+00:00
2021-06-01,2021,Jun.,6,850.0,938.0,962.0,88.0,24.0,112.0,1148.0,1248.0,1223.0,100.0,-25.0,75.0,https://www.bls.gov/web/empsit/cesnaicsrev.htm,2026-07-02T12:47:13.495645+00:00
2021-07-01,2021,Jul.,7,943.0,1053.0,1091.0,110.0,38.0,148.0,-133.0,-34.0,-42.0,99.0,-8.0,91.0,https://www.bls.gov/web/empsit/cesnaicsrev.htm,2026-07-02T12:47:13.495645+00:00
2021-08-01,2021,Aug.,8,235.0,366.0,483.0,131.0,117.0,248.0,312.0,492.0,476.0,180.0,-16.0,164.0,https://www.bls.gov/web/empsit/cesnaicsrev.htm,2026-07-02T12:47:13.495645+00:00
2021-09-01,2021,Sep.,9,194.0,312.0,379.0,118.0,67.0,185.0,654.0,647.0,638.0,-7.0,-9.0,-16.0,https://www.bls.gov/web/empsit/cesnaicsrev.htm,2026-07-02T12:47:13.495645+00:00
2021-10-01,2021,Oct.,10,531.0,546.0,648.0,15.0,102.0,117.0,1558.0,1576.0,1595.0,18.0,19.0,37.0,https://www.bls.gov/web/empsit/cesnaicsrev.htm,2026-07-02T12:47:13.495645+00:00
2021-11-01,2021,Nov.,11,210.0,249.0,647.0,39.0,398.0,437.0,778.0,853.0,900.0,75.0,47.0,122.0,https://www.bls.gov/web/empsit/cesnaicsrev.htm,2026-07-02T12:47:13.495645+00:00
2021-12-01,2021,Dec.,12,199.0,510.0,588.0,311.0,78.0,389.0,72.0,139.0,142.0,67.0,3.0,70.0,https://www.bls.gov/web/empsit/cesnaicsrev.htm,2026-07-02T12:47:13.495645+00:00
2022-01-01,2022,Jan.,1,467.0,481.0,504.0,14.0,23.0,37.0,-2824.0,-2842.0,-2847.0,-18.0,-5.0,-23.0,https://www.bls.gov/web/empsit/cesnaicsrev.htm,2026-07-02T12:47:13.495645+00:00
2022-02-01,2022,Feb.,2,678.0,750.0,714.0,72.0,-36.0,36.0,1457.0,1639.0,1638.0,182.0,-1.0,181.0,https://www.bls.gov/web/empsit/cesnaicsrev.htm,2026-07-02T12:47:13.495645+00:00
2022-03-01,2022,Mar.,3,431.0,428.0,398.0,-3.0,-30.0,-33.0,794.0,769.0,762.0,-25.0,-7.0,-32.0,https://www.bls.gov/web/empsit/cesnaicsrev.htm,2026-07-02T12:47:13.495645+00:00
2022-04-01,2022,Apr.,4,428.0,436.0,368.0,8.0,-68.0,-60.0,1071.0,1059.0,1052.0,-12.0,-7.0,-19.0,https://www.bls.gov/web/empsit/cesnaicsrev.htm,2026-07-02T12:47:13.495645+00:00
2022-05-01,2022,May,5,390.0,384.0,386.0,-6.0,2.0,-4.0,809.0,791.0,771.0,-18.0,-20.0,-38.0,https://www.bls.gov/web/empsit/cesnaicsrev.htm,2026-07-02T12:47:13.495645+00:00
2022-06-01,2022,Jun.,6,372.0,398.0,293.0,26.0,-105.0,-79.0,944.0,906.0,879.0,-38.0,-27.0,-65.0,https://www.bls.gov/web/empsit/cesnaicsrev.htm,2026-07-02T12:47:13.495645+00:00
2022-07-01,2022,Jul.,7,528.0,526.0,537.0,-2.0,11.0,9.0,-385.0,-344.0,-349.0,41.0,-5.0,36.0,https://www.bls.gov/web/empsit/cesnaicsrev.htm,2026-07-02T12:47:13.495645+00:00
2022-08-01,2022,Aug.,8,315.0,315.0,292.0,0.0,-23.0,-23.0,309.0,384.0,416.0,75.0,32.0,107.0,https://www.bls.gov/web/empsit/cesnaicsrev.htm,2026-07-02T12:47:13.495645+00:00
2022-09-01,2022,Sep.,9,263.0,315.0,269.0,52.0,-46.0,6.0,431.0,523.0,530.0,92.0,7.0,99.0,https://www.bls.gov/web/empsit/cesnaicsrev.htm,2026-07-02T12:47:13.495645+00:00
2022-10-01,2022,Oct.,10,261.0,284.0,263.0,23.0,-21.0,2.0,1172.0,1212.0,1197.0,40.0,-15.0,25.0,https://www.bls.gov/web/empsit/cesnaicsrev.htm,2026-07-02T12:47:13.495645+00:00
2022-11-01,2022,Nov.,11,263.0,256.0,290.0,-7.0,34.0,27.0,574.0,614.0,601.0,40.0,-13.0,27.0,https://www.bls.gov/web/empsit/cesnaicsrev.htm,2026-07-02T12:47:13.495645+00:00
2022-12-01,2022,Dec.,12,223.0,260.0,239.0,37.0,-21.0,16.0,-244.0,-293.0,-298.0,-49.0,-5.0,-54.0,https://www.bls.gov/web/empsit/cesnaicsrev.htm,2026-07-02T12:47:13.495645+00:00
2023-01-01,2023,Jan.,1,517.0,504.0,472.0,-13.0,-32.0,-45.0,-2505.0,-2508.0,-2505.0,-3.0,3.0,0.0,https://www.bls.gov/web/empsit/cesnaicsrev.htm,2026-07-02T12:47:13.495645+00:00
2023-02-01,2023,Feb.,2,311.0,326.0,248.0,15.0,-78.0,-63.0,1119.0,1158.0,1144.0,39.0,-14.0,25.0,https://www.bls.gov/web/empsit/cesnaicsrev.htm,2026-07-02T12:47:13.495645+00:00
2023-03-01,2023,Mar.,3,236.0,165.0,217.0,-71.0,52.0,-19.0,520.0,462.0,457.0,-58.0,-5.0,-63.0,https://www.bls.gov/web/empsit/cesnaicsrev.htm,2026-07-02T12:47:13.495645+00:00
2023-04-01,2023,Apr.,4,253.0,294.0,217.0,41.0,-77.0,-36.0,892.0,946.0,929.0,54.0,-17.0,37.0,https://www.bls.gov/web/empsit/cesnaicsrev.htm,2026-07-02T12:47:13.495645+00:00
2023-05-01,2023,May,5,339.0,306.0,281.0,-33.0,-25.0,-58.0,920.0,897.0,910.0,-23.0,13.0,-10.0,https://www.bls.gov/web/empsit/cesnaicsrev.htm,2026-07-02T12:47:13.495645+00:00
2023-06-01,2023,Jun.,6,209.0,185.0,105.0,-24.0,-80.0,-104.0,697.0,666.0,626.0,-31.0,-40.0,-71.0,https://www.bls.gov/web/empsit/cesnaicsrev.htm,2026-07-02T12:47:13.495645+00:00
2023-07-01,2023,Jul.,7,187.0,157.0,236.0,-30.0,79.0,49.0,-819.0,-871.0,-883.0,-52.0,-12.0,-64.0,https://www.bls.gov/web/empsit/cesnaicsrev.htm,2026-07-02T12:47:13.495645+00:00
2023-08-01,2023,Aug.,8,187.0,227.0,165.0,40.0,-62.0,-22.0,268.0,394.0,370.0,126.0,-24.0,102.0,https://www.bls.gov/web/empsit/cesnaicsrev.htm,2026-07-02T12:47:13.495645+00:00
2023-09-01,2023,Sep.,9,336.0,297.0,262.0,-39.0,-34.0,-74.0,585.0,526.0,514.0,-59.0,-12.0,-71.0,https://www.bls.gov/web/empsit/cesnaicsrev.htm,2026-07-02T12:47:13.495645+00:00
2023-10-01,2023,Oct.,10,150.0,150.0,105.0,0.0,-45.0,-45.0,1066.0,1078.0,1030.0,12.0,-48.0,-36.0,https://www.bls.gov/web/empsit/cesnaicsrev.htm,2026-07-02T12:47:13.495645+00:00
2023-11-01,2023,Nov.,11,199.0,173.0,182.0,-26.0,9.0,-17.0,477.0,459.0,469.0,-18.0,10.0,-8.0,https://www.bls.gov/web/empsit/cesnaicsrev.htm,2026-07-02T12:47:13.495645+00:00
2023-12-01,2023,Dec.,12,216.0,333.0,290.0,117.0,-43.0,74.0,-167.0,-86.0,-78.0,81.0,8.0,89.0,https://www.bls.gov/web/empsit/cesnaicsrev.htm,2026-07-02T12:47:13.495645+00:00
2024-01-01,2024,Jan.,1,353.0,229.0,256.0,-124.0,27.0,-97.0,-2635.0,-2855.0,-2837.0,-220.0,18.0,-202.0,https://www.bls.gov/web/empsit/cesnaicsrev.htm,2026-07-02T12:47:13.495645+00:00
2024-02-01,2024,Feb.,2,275.0,270.0,236.0,-5.0,-34.0,-39.0,1141.0,1127.0,1119.0,-14.0,-8.0,-22.0,https://www.bls.gov/web/empsit/cesnaicsrev.htm,2026-07-02T12:47:13.495645+00:00
2024-03-01,2024,Mar.,3,303.0,315.0,310.0,12.0,-5.0,7.0,659.0,662.0,659.0,3.0,-3.0,0.0,https://www.bls.gov/web/empsit/cesnaicsrev.htm,2026-07-02T12:47:13.495645+00:00
2024-04-01,2024,Apr.,4,175.0,165.0,108.0,-10.0,-57.0,-67.0,803.0,791.0,791.0,-12.0,0.0,-12.0,https://www.bls.gov/web/empsit/cesnaicsrev.htm,2026-07-02T12:47:13.495645+00:00
2024-05-01,2024,May,5,272.0,218.0,216.0,-54.0,-2.0,-56.0,917.0,844.0,841.0,-73.0,-3.0,-76.0,https://www.bls.gov/web/empsit/cesnaicsrev.htm,2026-07-02T12:47:13.495645+00:00
2024-06-01,2024,Jun.,6,206.0,179.0,118.0,-27.0,-61.0,-88.0,547.0,518.0,499.0,-29.0,-19.0,-48.0,https://www.bls.gov/web/empsit/cesnaicsrev.htm,2026-07-02T12:47:13.495645+00:00
2024-07-01,2024,Jul.,7,114.0,89.0,144.0,-25.0,55.0,30.0,-915.0,-954.0,-942.0,-39.0,12.0,-27.0,https://www.bls.gov/web/empsit/cesnaicsrev.htm,2026-07-02T12:47:13.495645+00:00
2024-08-01,2024,Aug.,8,142.0,159.0,78.0,17.0,-81.0,-64.0,263.0,318.0,332.0,55.0,14.0,69.0,https://www.bls.gov/web/empsit/cesnaicsrev.htm,2026-07-02T12:47:13.495645+00:00
2024-09-01,2024,Sep.,9,254.0,223.0,255.0,-31.0,32.0,1.0,460.0,450.0,453.0,-10.0,3.0,-7.0,https://www.bls.gov/web/empsit/cesnaicsrev.htm,2026-07-02T12:47:13.495645+00:00
2024-10-01,2024,Oct.,10,12.0,36.0,43.0,24.0,7.0,31.0,826.0,851.0,846.0,25.0,-5.0,20.0,https://www.bls.gov/web/empsit/cesnaicsrev.htm,2026-07-02T12:47:13.495645+00:00
2024-11-01,2024,Nov.,11,227.0,212.0,261.0,-15.0,49.0,34.0,525.0,509.0,530.0,-16.0,21.0,5.0,https://www.bls.gov/web/empsit/cesnaicsrev.htm,2026-07-02T12:47:13.495645+00:00
2024-12-01,2024,Dec.,12,256.0,307.0,323.0,51.0,16.0,67.0,-81.0,61.0,41.0,142.0,-20.0,122.0,https://www.bls.gov/web/empsit/cesnaicsrev.htm,2026-07-02T12:47:13.495645+00:00
2025-01-01,2025,Jan.,1,143.0,125.0,111.0,-18.0,-14.0,-32.0,-2852.0,-2831.0,-2828.0,21.0,3.0,24.0,https://www.bls.gov/web/empsit/cesnaicsrev.htm,2026-07-02T12:47:13.495645+00:00
2025-02-01,2025,Feb.,2,151.0,117.0,102.0,-34.0,-15.0,-49.0,891.0,855.0,849.0,-36.0,-6.0,-42.0,https://www.bls.gov/web/empsit/cesnaicsrev.htm,2026-07-02T12:47:13.495645+00:00
2025-03-01,2025,Mar.,3,228.0,185.0,120.0,-43.0,-65.0,-108.0,556.0,467.0,458.0,-89.0,-9.0,-98.0,https://www.bls.gov/web/empsit/cesnaicsrev.htm,2026-07-02T12:47:13.495645+00:00
2025-04-01,2025,Apr.,4,177.0,147.0,158.0,-30.0,11.0,-19.0,905.0,836.0,825.0,-69.0,-11.0,-80.0,https://www.bls.gov/web/empsit/cesnaicsrev.htm,2026-07-02T12:47:13.495645+00:00
2025-05-01,2025,May,5,139.0,144.0,19.0,5.0,-125.0,-120.0,726.0,731.0,703.0,5.0,-28.0,-23.0,https://www.bls.gov/web/empsit/cesnaicsrev.htm,2026-07-02T12:47:13.495645+00:00
2025-06-01,2025,Jun.,6,147.0,14.0,-13.0,-133.0,-27.0,-160.0,517.0,363.0,326.0,-154.0,-37.0,-191.0,https://www.bls.gov/web/empsit/cesnaicsrev.htm,2026-07-02T12:47:13.495645+00:00
2025-07-01,2025,Jul.,7,73.0,79.0,72.0,6.0,-7.0,-1.0,-1066.0,-1046.0,-1037.0,20.0,9.0,29.0,https://www.bls.gov/web/empsit/cesnaicsrev.htm,2026-07-02T12:47:13.495645+00:00
2025-08-01,2025,Aug.,8,22.0,-4.0,-26.0,-26.0,-22.0,-48.0,200.0,196.0,185.0,-4.0,-11.0,-15.0,https://www.bls.gov/web/empsit/cesnaicsrev.htm,2026-07-02T12:47:13.495645+00:00
2025-09-01,2025,Sep.,9,119.0,,108.0,,,-11.0,317.0,,328.0,,,11.0,https://www.bls.gov/web/empsit/cesnaicsrev.htm,2026-07-02T12:47:13.495645+00:00
2025-10-01,2025,Oct.,10,,-105.0,-173.0,,-68.0,,,679.0,665.0,,-14.0,,https://www.bls.gov/web/empsit/cesnaicsrev.htm,2026-07-02T12:47:13.495645+00:00
2025-11-01,2025,Nov.,11,64.0,56.0,41.0,-8.0,-15.0,-23.0,241.0,243.0,216.0,2.0,-27.0,-25.0,https://www.bls.gov/web/empsit/cesnaicsrev.htm,2026-07-02T12:47:13.495645+00:00
2025-12-01,2025,Dec.,12,50.0,48.0,-17.0,-2.0,-65.0,-67.0,-192.0,-208.0,-213.0,-16.0,-5.0,-21.0,https://www.bls.gov/web/empsit/cesnaicsrev.htm,2026-07-02T12:47:13.495645+00:00
2026-01-01,2026,Jan.,1,130.0,126.0,160.0,-4.0,34.0,30.0,-2649.0,-2635.0,-2630.0,14.0,5.0,19.0,https://www.bls.gov/web/empsit/cesnaicsrev.htm,2026-07-02T12:47:13.495645+00:00
2026-02-01,2026,Feb.,2,-92.0,-133.0,-156.0,-41.0,-23.0,-64.0,563.0,476.0,486.0,-87.0,10.0,-77.0,https://www.bls.gov/web/empsit/cesnaicsrev.htm,2026-07-02T12:47:13.495645+00:00
2026-03-01,2026,Mar.,3,178.0,185.0,214.0,7.0,29.0,36.0,571.0,555.0,537.0,-16.0,-18.0,-34.0,https://www.bls.gov/web/empsit/cesnaicsrev.htm,2026-07-02T12:47:13.495645+00:00
2026-04-01,2026,Apr.,4,115.0,179.0,148.0,64.0,-31.0,33.0,926.0,975.0,962.0,49.0,-13.0,36.0,https://www.bls.gov/web/empsit/cesnaicsrev.htm,2026-07-02T12:47:13.495645+00:00
2026-05-01,2026,May,5,172.0,129.0,,-43.0,,,741.0,685.0,,-56.0,,,https://www.bls.gov/web/empsit/cesnaicsrev.htm,2026-07-02T12:47:13.495645+00:00
2026-06-01,2026,Jun.,6,57.0,,,,,,432.0,,,,,,https://www.bls.gov/web/empsit/cesnaicsrev.htm,2026-07-02T12:47:13.495645+00:00
