date,1-month revision,2-month revision
2025-01-01,-18,-14
2025-02-01,-34,-15
2025-03-01,-43,-65
2025-04-01,-30,
2025-05-01,,
2025-06-01,,
2025-07-01,,
2025-08-01,,
2025-09-01,,
2025-10-01,,
2025-11-01,,
2025-12-01,,
2024-01-01,-124,27
2024-02-01,-5,-34
2024-03-01,12,-5
2024-04-01,-10,-57
2024-05-01,-54,-2
2024-06-01,-27,-61
2024-07-01,-25,55
2024-08-01,17,-81
2024-09-01,-31,32
2024-10-01,24,7
2024-11-01,-15,49
2024-12-01,51,16
2023-01-01,-13,-32
2023-02-01,15,-78
2023-03-01,-71,52
2023-04-01,41,-77
2023-05-01,-33,-25
2023-06-01,-24,-80
2023-07-01,-30,79
2023-08-01,40,-62
2023-09-01,-39,-34
2023-10-01,0,-45
2023-11-01,-26,9
2023-12-01,117,-43
2022-01-01,14,23
2022-02-01,72,-36
2022-03-01,-3,-30
2022-04-01,8,-68
2022-05-01,-6,2
2022-06-01,26,-105
2022-07-01,-2,11
2022-08-01,0,-23
2022-09-01,52,-46
2022-10-01,23,-21
2022-11-01,-7,34
2022-12-01,37,-21
2021-01-01,117,67
2021-02-01,89,68
2021-03-01,-146,15
2021-04-01,12,-9
2021-05-01,24,31
2021-06-01,88,24
2021-07-01,110,38
2021-08-01,131,117
2021-09-01,118,67
2021-10-01,15,102
2021-11-01,39,398
2021-12-01,311,78
2020-01-01,48,-59
2020-02-01,2,-24
2020-03-01,-180,-492
2020-04-01,-150,-100
2020-05-01,190,26
2020-06-01,-9,-10
2020-07-01,-29,27
2020-08-01,118,4
2020-09-01,11,39
2020-10-01,-28,44
2020-11-01,91,-72
2020-12-01,-87,-79
2019-01-01,7,1
2019-02-01,13,23
2019-03-01,-7,-36
2019-04-01,-39,-8
2019-05-01,-3,-10
2019-06-01,-31,-15
2019-07-01,-5,7
2019-08-01,38,51
2019-09-01,44,13
2019-10-01,28,-4
2019-11-01,-10,5
2019-12-01,2,37
2018-01-01,39,-63
2018-02-01,13,-2
2018-03-01,32,20
2018-04-01,-5,16
2018-05-01,21,24
2018-06-01,35,-40
2018-07-01,-10,18
2018-08-01,69,16
2018-09-01,-16,1
2018-10-01,-13,37
2018-11-01,21,20
2018-12-01,-90,5
2017-01-01,11,-22
2017-02-01,-16,13
2017-03-01,-19,-29
2017-04-01,-37,33
2017-05-01,14,-7
2017-06-01,9,-21
2017-07-01,-20,-51
2017-08-01,13,39
2017-09-01,51,20
2017-10-01,-17,-33
2017-11-01,24,-36
2017-12-01,12,15
2016-01-01,21,-4
2016-02-01,3,-12
2016-03-01,-7,-22
2016-04-01,-37,21
2016-05-01,-27,13
2016-06-01,5,-21
2016-07-01,20,-23
2016-08-01,16,9
2016-09-01,35,17
2016-10-01,-19,-7
2016-11-01,26,-40
2016-12-01,1,-2
2015-01-01,-18,-38
2015-02-01,-31,2
2015-03-01,-41,34
2015-04-01,-2,-34
2015-05-01,-26,6
2015-06-01,8,14
2015-07-01,30,-22
2015-08-01,-37,17
2015-09-01,-5,8
2015-10-01,27,9
2015-11-01,41,28
2015-12-01,-30,9
2014-01-01,16,15
2014-02-01,22,25
2014-03-01,11,0
2014-04-01,-6,22
2014-05-01,7,5
2014-06-01,10,-31
2014-07-01,3,31
2014-08-01,38,23
2014-09-01,8,15
2014-10-01,29,18
2014-11-01,32,70
2014-12-01,77,0
2013-01-01,-38,29
2013-02-01,32,64
2013-03-01,50,4
2013-04-01,-16,50
2013-05-01,20,-19
2013-06-01,-7,-16
2013-07-01,-58,-15
2013-08-01,24,45
2013-09-01,15,12
2013-10-01,-4,0
2013-11-01,38,33
2013-12-01,1,9
2012-01-01,41,-9
2012-02-01,13,19
2012-03-01,34,-11
2012-04-01,-38,-9
2012-05-01,8,10
2012-06-01,-16,-19
2012-07-01,-22,40
2012-08-01,46,50
2012-09-01,34,-16
2012-10-01,-33,-1
2012-11-01,15,86
2012-12-01,41,23
2011-01-01,27,5
2011-02-01,2,41
2011-03-01,5,-27
2011-04-01,-12,-15
2011-05-01,-29,28
2011-06-01,28,-26
2011-07-01,-32,42
2011-08-01,57,47
2011-09-01,55,52
2011-10-01,20,12
2011-11-01,-20,57
2011-12-01,3,20
2010-01-01,-6,40
2010-02-01,22,53
2010-03-01,68,-22
2010-04-01,0,23
2010-05-01,2,-1
2010-06-01,-96,46
2010-07-01,77,-12
2010-08-01,-3,56
2010-09-01,54,17
2010-10-01,21,38
2010-11-01,32,22
2010-12-01,18,31
2009-01-01,-57,-86
2009-02-01,0,-30
2009-03-01,-36,47
2009-04-01,35,-15
2009-05-01,23,19
2009-06-01,24,-20
2009-07-01,-29,-28
2009-08-01,15,47
2009-09-01,44,80
2009-10-01,79,-16
2009-11-01,15,60
2009-12-01,-65,41
2008-01-01,-5,-54
2008-02-01,-13,-7
2008-03-01,-1,-7
2008-04-01,-8,-39
2008-05-01,-13,15
2008-06-01,11,-49
2008-07-01,-9,-7
2008-08-01,11,-54
2008-09-01,-125,-119
2008-10-01,-80,-103
2008-11-01,-51,-13
2008-12-01,-53,-104
2007-01-01,35,16
2007-02-01,16,-23
2007-03-01,-3,-2
2007-04-01,-8,42
2007-05-01,33,-2
2007-06-01,-6,-57
2007-07-01,-24,25
2007-08-01,93,4
2007-09-01,-14,-52
2007-10-01,4,-11
2007-11-01,21,-55
2007-12-01,64,-41
2006-01-01,-23,-16
2006-02-01,-18,-25
2006-03-01,-11,-25
2006-04-01,-12,-14
2006-05-01,17,8
2006-06-01,3,10
2006-07-01,8,2
2006-08-01,60,42
2006-09-01,97,55
2006-10-01,-13,7
2006-11-01,22,42
2006-12-01,39,20
2005-01-01,-14,-8
2005-02-01,-19,57
2005-03-01,36,-24
2005-04-01,0,18
2005-05-01,26,22
2005-06-01,20,9
2005-07-01,35,35
2005-08-01,42,-63
2005-09-01,27,25
2005-10-01,-12,-19
2005-11-01,90,49
2005-12-01,32,5
2004-01-01,-15,62
2004-02-01,25,37
2004-03-01,29,16
2004-04-01,58,-22
2004-05-01,-13,-27
2004-06-01,-34,18
2004-07-01,41,12
2004-08-01,-16,70
2004-09-01,43,-20
2004-10-01,-34,9
2004-11-01,25,-5
2004-12-01,-24,22
2003-01-01,42,18
2003-02-01,-49,4
2003-03-01,-16,NA***
2003-04-01,NA***,NA***
2003-05-01,-53,-6
2003-06-01,-42,-11
2003-07-01,-5,-8
2003-08-01,52,76
2003-09-01,68,-26
2003-10-01,11,-37
2003-11-01,-14,40
2003-12-01,15,-8
2002-01-01,-37,17
2002-02-01,-68,-2
2002-03-01,-79,16
2002-04-01,-37,-27
2002-05-01,-17,-2
2002-06-01,30,-32
2002-07-01,61,-13
2002-08-01,68,16
2002-09-01,30,-71
2002-10-01,91,-17
2002-11-01,-48,7
2002-12-01,-55,9
2001-01-01,-44,65
2001-02-01,5,-4
2001-03-01,33,112
2001-04-01,41,17
2001-05-01,27,33
2001-06-01,21,-6
2001-07-01,55,5
2001-08-01,29,30
2001-09-01,-14,48
2001-10-01,-53,20
2001-11-01,-40,16
2001-12-01,-6,24
2000-01-01,-3,10
2000-02-01,-36,20
2000-03-01,42,69
2000-04-01,74,-4
2000-05-01,-60,0
2000-06-01,19,27
2000-07-01,57,11
2000-08-01,14,12
2000-09-01,-57,0
2000-10-01,-60,-11
2000-11-01,-35,-6
2000-12-01,-86,17
1999-01-01,-28,0
1999-02-01,22,38
1999-03-01,-39,76
1999-04-01,109,-22
1999-05-01,-16,33
1999-06-01,5,8
1999-07-01,28,35
1999-08-01,-21,26
1999-09-01,49,62
1999-10-01,-47,21
1999-11-01,-12,35
1999-12-01,1,-7
1998-01-01,17,24
1998-02-01,-58,7
1998-03-01,12,106
1998-04-01,40,18
1998-05-01,13,19
1998-06-01,-9,-7
1998-07-01,2,50
1998-08-01,-56,13
1998-09-01,88,15
1998-10-01,29,19
1998-11-01,-16,26
1998-12-01,-80,16
1997-01-01,-24,12
1997-02-01,-46,21
1997-03-01,-36,43
1997-04-01,181,4
1997-05-01,28,-3
1997-06-01,11,-6
1997-07-01,49,19
1997-08-01,-9,12
1997-09-01,54,31
1997-10-01,3,4
1997-11-01,8,17
1997-12-01,-15,-1
1996-01-01,13,42
1996-02-01,-81,7
1996-03-01,38,-20
1996-04-01,161,28
1996-05-01,17,42
1996-06-01,-19,-1
1996-07-01,35,7
1996-08-01,-9,22
1996-09-01,5,33
1996-10-01,14,37
1996-11-01,9,54
1996-12-01,-1,-30
1995-01-01,42,-7
1995-02-01,27,10
1995-03-01,-26,2
1995-04-01,2,15
1995-05-01,55,-16
1995-06-01,35,49
1995-07-01,-49,22
1995-08-01,13,1
1995-09-01,-71,44
1995-10-01,-50,2
1995-11-01,-2,48
1995-12-01,10,-16
1994-01-01,-64,-29
1994-02-01,-19,80
1994-03-01,8,-85
1994-04-01,91,43
1994-05-01,61,0
1994-06-01,-23,27
1994-07-01,-8,39
1994-08-01,67,44
1994-09-01,9,24
1994-10-01,-30,-2
1994-11-01,138,46
1994-12-01,-46,21
1993-01-01,-62,69
1993-02-01,2,-29
1993-03-01,13,35
1993-04-01,97,39
1993-05-01,6,23
1993-06-01,31,-1
1993-07-01,49,26
1993-08-01,-2,8
1993-09-01,6,35
1993-10-01,-30,15
1993-11-01,-6,14
1993-12-01,7,40
1992-01-01,-58,27
1992-02-01,-57,-1
1992-03-01,20,19
1992-04-01,56,-5
1992-05-01,25,26
1992-06-01,54,-10
1992-07-01,-21,-6
1992-08-01,-45,19
1992-09-01,-15,84
1992-10-01,7,40
1992-11-01,-29,-1
1992-12-01,26,16
1991-01-01,-1,42
1991-02-01,-107,5
1991-03-01,-35,-17
1991-04-01,-56,14
1991-05-01,60,32
1991-06-01,29,19
1991-07-01,-22,47
1991-08-01,43,35
1991-09-01,24,47
1991-10-01,5,3
1991-11-01,-24,35
1991-12-01,-28,36
1990-01-01,57,29
1990-02-01,-16,17
1990-03-01,77,20
1990-04-01,-87,-3
1990-05-01,192,13
1990-06-01,115,57
1990-07-01,130,0
1990-08-01,-8,-44
1990-09-01,49,51
1990-10-01,-110,-2
1990-11-01,8,-8
1990-12-01,-72,-13
1989-01-01,7,9
1989-02-01,-9,-4
1989-03-01,-9,6
1989-04-01,89,7
1989-05-01,106,2
1989-06-01,70,47
1989-07-01,15,-24
1989-08-01,-22,32
1989-09-01,-8,8
1989-10-01,-140,-18
1989-11-01,12,59
1989-12-01,-46,22
1988-01-01,67,41
1988-02-01,-14,21
1988-03-01,34,-5
1988-04-01,75,12
1988-05-01,12,-13
1988-06-01,186,36
1988-07-01,-83,14
1988-08-01,-50,-15
1988-09-01,49,8
1988-10-01,-85,-2
1988-11-01,-59,42
1988-12-01,-58,1
1987-01-01,-129,-15
1987-02-01,-101,-8
1987-03-01,-9,24
1987-04-01,-36,-11
1987-05-01,-49,36
1987-06-01,-13,7
1987-07-01,-8,12
1987-08-01,-4,-3
1987-09-01,-11,38
1987-10-01,-13,13
1987-11-01,-11,39
1987-12-01,-15,16
1986-01-01,-145,-11
1986-02-01,-73,7
1986-03-01,-14,-123
1986-04-01,107,-14
1986-05-01,-24,10
1986-06-01,35,-21
1986-07-01,-110,-17
1986-08-01,-46,22
1986-09-01,58,112
1986-10-01,-38,6
1986-11-01,-10,3
1986-12-01,-44,29
1985-01-01,-36,52
1985-02-01,-7,4
1985-03-01,-28,-34
1985-04-01,-9,2
1985-05-01,-79,35
1985-06-01,-52,24
1985-07-01,6,-15
1985-08-01,-8,-10
1985-09-01,10,102
1985-10-01,-60,-12
1985-11-01,-2,62
1985-12-01,-52,17
1984-01-01,-23,67
1984-02-01,31,10
1984-03-01,6,63
1984-04-01,-9,-7
1984-05-01,37,50
1984-06-01,7,59
1984-07-01,-86,-1
1984-08-01,23,-9
1984-09-01,92,53
1984-10-01,-98,4
1984-11-01,32,5
1984-12-01,-142,20
1983-01-01,-9,25
1983-02-01,-5,24
1983-03-01,77,-127
1983-04-01,15,14
1983-05-01,-59,5
1983-06-01,67,12
1983-07-01,-129,-50
1983-08-01,-6,0
1983-09-01,285,98
1983-10-01,-116,32
1983-11-01,-44,-58
1983-12-01,-3,16
1982-01-01,-37,40
1982-02-01,64,-21
1982-03-01,-41,104
1982-04-01,-144,90
1982-05-01,92,15
1982-06-01,-165,-21
1982-07-01,-160,-127
1982-08-01,-56,44
1982-09-01,106,79
1982-10-01,-126,-18
1982-11-01,-13,66
1982-12-01,-49,30
1981-01-01,0,-18
1981-02-01,112,8
1981-03-01,61,-9
1981-04-01,5,326
1981-05-01,88,34
1981-06-01,33,32
1981-07-01,-32,-86
1981-08-01,-12,-28
1981-09-01,101,85
1981-10-01,-30,34
1981-11-01,-96,23
1981-12-01,-133,17
1980-01-01,44,62
1980-02-01,-19,71
1980-03-01,94,20
1980-04-01,168,118
1980-05-01,-169,-134
1980-06-01,19,74
1980-07-01,56,2
1980-08-01,41,33
1980-09-01,36,19
1980-10-01,-29,98
1980-11-01,-61,44
1980-12-01,-50,9
1979-01-01,-141,59
1979-02-01,7,-14
1979-03-01,98,23
1979-04-01,-68,-19
1979-05-01,97,23
1979-06-01,73,55
1979-07-01,5,38
1979-08-01,3,44
1979-09-01,-52,-42
1979-10-01,-142,15
1979-11-01,-91,-9
1979-12-01,-186,10
